Date_hour,Totaal
2023-01-01T00,111.0
2023-01-01T01,201.0
2023-01-01T02,170.0
2023-01-01T03,144.0
2023-01-01T04,155.0
2023-01-01T05,140.0
2023-01-01T06,109.0
2023-01-01T07,75.0
2023-01-01T08,43.0
2023-01-01T09,42.0
2023-01-01T10,50.0
2023-01-01T11,76.0
2023-01-01T12,94.0
2023-01-01T13,113.0
2023-01-01T14,125.0
2023-01-01T15,173.0
2023-01-01T16,109.0
2023-01-01T17,100.0
2023-01-01T18,116.0
2023-01-01T19,67.0
2023-01-01T20,120.0
2023-01-01T21,82.0
2023-01-01T22,60.0
2023-01-01T23,29.0
2023-01-02T00,11.0
2023-01-02T01,10.0
2023-01-02T02,2.0
2023-01-02T03,5.0
2023-01-02T04,15.0
2023-01-02T05,33.0
2023-01-02T06,58.0
2023-01-02T07,169.0
2023-01-02T08,257.0
2023-01-02T09,198.0
2023-01-02T10,129.0
2023-01-02T11,123.0
2023-01-02T12,206.0
2023-01-02T13,200.0
2023-01-02T14,192.0
2023-01-02T15,208.0
2023-01-02T16,266.0
2023-01-02T17,363.0
2023-01-02T18,299.0
2023-01-02T19,177.0
2023-01-02T20,74.0
2023-01-02T21,8.0
2023-01-02T22,7.0
2023-01-02T23,21.0
2023-01-03T00,12.0
2023-01-03T01,3.0
2023-01-03T02,0.0
2023-01-03T03,0.0
2023-01-03T04,0.0
2023-01-03T05,10.0
2023-01-03T06,104.0
2023-01-03T07,334.0
2023-01-03T08,503.0
2023-01-03T09,258.0
2023-01-03T10,217.0
2023-01-03T11,201.0
2023-01-03T12,220.0
2023-01-03T13,257.0
2023-01-03T14,244.0
2023-01-03T15,285.0
2023-01-03T16,438.0
2023-01-03T17,619.0
2023-01-03T18,416.0
2023-01-03T19,254.0
2023-01-03T20,158.0
2023-01-03T21,122.0
2023-01-03T22,120.0
2023-01-03T23,69.0
2023-01-04T00,32.0
2023-01-04T01,18.0
2023-01-04T02,7.0
2023-01-04T03,3.0
2023-01-04T04,18.0
2023-01-04T05,41.0
2023-01-04T06,102.0
2023-01-04T07,298.0
2023-01-04T08,431.0
2023-01-04T09,279.0
2023-01-04T10,185.0
2023-01-04T11,137.0
2023-01-04T12,191.0
2023-01-04T13,190.0
2023-01-04T14,218.0
2023-01-04T15,193.0
2023-01-04T16,327.0
2023-01-04T17,491.0
2023-01-04T18,418.0
2023-01-04T19,249.0
2023-01-04T20,180.0
2023-01-04T21,131.0
2023-01-04T22,129.0
2023-01-04T23,94.0
2023-01-05T00,31.0
2023-01-05T01,18.0
2023-01-05T02,7.0
2023-01-05T03,3.0
2023-01-05T04,23.0
2023-01-05T05,52.0
2023-01-05T06,101.0
2023-01-05T07,334.0
2023-01-05T08,495.0
2023-01-05T09,310.0
2023-01-05T10,211.0
2023-01-05T11,216.0
2023-01-05T12,272.0
2023-01-05T13,248.0
2023-01-05T14,262.0
2023-01-05T15,271.0
2023-01-05T16,407.0
2023-01-05T17,566.0
2023-01-05T18,492.0
2023-01-05T19,301.0
2023-01-05T20,181.0
2023-01-05T21,154.0
2023-01-05T22,168.0
2023-01-05T23,107.0
2023-01-06T00,50.0
2023-01-06T01,31.0
2023-01-06T02,17.0
2023-01-06T03,17.0
2023-01-06T04,22.0
2023-01-06T05,46.0
2023-01-06T06,83.0
2023-01-06T07,283.0
2023-01-06T08,440.0
2023-01-06T09,280.0
2023-01-06T10,251.0
2023-01-06T11,212.0
2023-01-06T12,263.0
2023-01-06T13,284.0
2023-01-06T14,291.0
2023-01-06T15,319.0
2023-01-06T16,408.0
2023-01-06T17,506.0
2023-01-06T18,418.0
2023-01-06T19,239.0
2023-01-06T20,195.0
2023-01-06T21,140.0
2023-01-06T22,125.0
2023-01-06T23,122.0
2023-01-07T00,84.0
2023-01-07T01,69.0
2023-01-07T02,32.0
2023-01-07T03,14.0
2023-01-07T04,11.0
2023-01-07T05,23.0
2023-01-07T06,35.0
2023-01-07T07,36.0
2023-01-07T08,82.0
2023-01-07T09,156.0
2023-01-07T10,231.0
2023-01-07T11,274.0
2023-01-07T12,243.0
2023-01-07T13,297.0
2023-01-07T14,294.0
2023-01-07T15,237.0
2023-01-07T16,199.0
2023-01-07T17,216.0
2023-01-07T18,205.0
2023-01-07T19,178.0
2023-01-07T20,129.0
2023-01-07T21,109.0
2023-01-07T22,83.0
2023-01-07T23,106.0
2023-01-08T00,87.0
2023-01-08T01,36.0
2023-01-08T02,36.0
2023-01-08T03,19.0
2023-01-08T04,10.0
2023-01-08T05,0.0
2023-01-08T06,12.0
2023-01-08T07,1.0
2023-01-08T08,7.0
2023-01-08T09,87.0
2023-01-08T10,161.0
2023-01-08T11,255.0
2023-01-08T12,211.0
2023-01-08T13,243.0
2023-01-08T14,236.0
2023-01-08T15,208.0
2023-01-08T16,191.0
2023-01-08T17,213.0
2023-01-08T18,202.0
2023-01-08T19,158.0
2023-01-08T20,148.0
2023-01-08T21,111.0
2023-01-08T22,44.0
2023-01-08T23,3.0
2023-01-09T00,12.0
2023-01-09T01,7.0
2023-01-09T02,4.0
2023-01-09T03,4.0
2023-01-09T04,32.0
2023-01-09T05,53.0
2023-01-09T06,144.0
2023-01-09T07,727.0
2023-01-09T08,1411.0
2023-01-09T09,409.0
2023-01-09T10,338.0
2023-01-09T11,382.0
2023-01-09T12,531.0
2023-01-09T13,370.0
2023-01-09T14,312.0
2023-01-09T15,598.0
2023-01-09T16,797.0
2023-01-09T17,964.0
2023-01-09T18,567.0
2023-01-09T19,346.0
2023-01-09T20,223.0
2023-01-09T21,184.0
2023-01-09T22,149.0
2023-01-09T23,71.0
2023-01-10T00,32.0
2023-01-10T01,17.0
2023-01-10T02,5.0
2023-01-10T03,0.0
2023-01-10T04,5.0
2023-01-10T05,61.0
2023-01-10T06,172.0
2023-01-10T07,734.0
2023-01-10T08,1314.0
2023-01-10T09,443.0
2023-01-10T10,228.0
2023-01-10T11,266.0
2023-01-10T12,442.0
2023-01-10T13,337.0
2023-01-10T14,271.0
2023-01-10T15,511.0
2023-01-10T16,824.0
2023-01-10T17,1010.0
2023-01-10T18,645.0
2023-01-10T19,418.0
2023-01-10T20,256.0
2023-01-10T21,208.0
2023-01-10T22,187.0
2023-01-10T23,98.0
2023-01-11T00,41.0
2023-01-11T01,23.0
2023-01-11T02,7.0
2023-01-11T03,6.0
2023-01-11T04,32.0
2023-01-11T05,54.0
2023-01-11T06,151.0
2023-01-11T07,598.0
2023-01-11T08,1245.0
2023-01-11T09,410.0
2023-01-11T10,286.0
2023-01-11T11,387.0
2023-01-11T12,832.0
2023-01-11T13,483.0
2023-01-11T14,379.0
2023-01-11T15,418.0
2023-01-11T16,567.0
2023-01-11T17,809.0
2023-01-11T18,641.0
2023-01-11T19,344.0
2023-01-11T20,215.0
2023-01-11T21,226.0
2023-01-11T22,179.0
2023-01-11T23,135.0
2023-01-12T00,40.0
2023-01-12T01,17.0
2023-01-12T02,3.0
2023-01-12T03,8.0
2023-01-12T04,24.0
2023-01-12T05,40.0
2023-01-12T06,131.0
2023-01-12T07,488.0
2023-01-12T08,1131.0
2023-01-12T09,316.0
2023-01-12T10,219.0
2023-01-12T11,211.0
2023-01-12T12,363.0
2023-01-12T13,258.0
2023-01-12T14,233.0
2023-01-12T15,413.0
2023-01-12T16,587.0
2023-01-12T17,695.0
2023-01-12T18,499.0
2023-01-12T19,315.0
2023-01-12T20,211.0
2023-01-12T21,198.0
2023-01-12T22,159.0
2023-01-12T23,105.0
2023-01-13T00,37.0
2023-01-13T01,16.0
2023-01-13T02,8.0
2023-01-13T03,10.0
2023-01-13T04,20.0
2023-01-13T05,12.0
2023-01-13T06,73.0
2023-01-13T07,166.0
2023-01-13T08,644.0
2023-01-13T09,486.0
2023-01-13T10,298.0
2023-01-13T11,385.0
2023-01-13T12,598.0
2023-01-13T13,391.0
2023-01-13T14,402.0
2023-01-13T15,653.0
2023-01-13T16,746.0
2023-01-13T17,788.0
2023-01-13T18,627.0
2023-01-13T19,445.0
2023-01-13T20,278.0
2023-01-13T21,216.0
2023-01-13T22,175.0
2023-01-13T23,15.0
2023-01-14T00,24.0
2023-01-14T01,35.0
2023-01-14T02,8.0
2023-01-14T03,3.0
2023-01-14T04,19.0
2023-01-14T05,26.0
2023-01-14T06,31.0
2023-01-14T07,43.0
2023-01-14T08,122.0
2023-01-14T09,121.0
2023-01-14T10,145.0
2023-01-14T11,153.0
2023-01-14T12,207.0
2023-01-14T13,191.0
2023-01-14T14,151.0
2023-01-14T15,148.0
2023-01-14T16,142.0
2023-01-14T17,179.0
2023-01-14T18,187.0
2023-01-14T19,191.0
2023-01-14T20,139.0
2023-01-14T21,88.0
2023-01-14T22,95.0
2023-01-14T23,92.0
2023-01-15T00,51.0
2023-01-15T01,35.0
2023-01-15T02,15.0
2023-01-15T03,23.0
2023-01-15T04,10.0
2023-01-15T05,4.0
2023-01-15T06,19.0
2023-01-15T07,22.0
2023-01-15T08,48.0
2023-01-15T09,71.0
2023-01-15T10,178.0
2023-01-15T11,207.0
2023-01-15T12,76.0
2023-01-15T13,183.0
2023-01-15T14,199.0
2023-01-15T15,129.0
2023-01-15T16,16.0
2023-01-15T17,97.0
2023-01-15T18,70.0
2023-01-15T19,73.0
2023-01-15T20,45.0
2023-01-15T21,35.0
2023-01-15T22,27.0
2023-01-15T23,12.0
2023-01-16T00,2.0
2023-01-16T01,5.0
2023-01-16T02,4.0
2023-01-16T03,5.0
2023-01-16T04,1.0
2023-01-16T05,8.0
2023-01-16T06,26.0
2023-01-16T07,21.0
2023-01-16T08,215.0
2023-01-16T09,457.0
2023-01-16T10,338.0
2023-01-16T11,285.0
2023-01-16T12,480.0
2023-01-16T13,302.0
2023-01-16T14,264.0
2023-01-16T15,465.0
2023-01-16T16,215.0
2023-01-16T17,148.0
2023-01-16T18,52.0
2023-01-16T19,26.0
2023-01-16T20,16.0
2023-01-16T21,14.0
2023-01-16T22,136.0
2023-01-16T23,54.0
2023-01-17T00,29.0
2023-01-17T01,14.0
2023-01-17T02,4.0
2023-01-17T03,3.0
2023-01-17T04,22.0
2023-01-17T05,45.0
2023-01-17T06,136.0
2023-01-17T07,588.0
2023-01-17T08,1131.0
2023-01-17T09,428.0
2023-01-17T10,278.0
2023-01-17T11,283.0
2023-01-17T12,452.0
2023-01-17T13,339.0
2023-01-17T14,334.0
2023-01-17T15,536.0
2023-01-17T16,775.0
2023-01-17T17,425.0
2023-01-17T18,642.0
2023-01-17T19,328.0
2023-01-17T20,228.0
2023-01-17T21,229.0
2023-01-17T22,187.0
2023-01-17T23,96.0
2023-01-18T00,38.0
2023-01-18T01,18.0
2023-01-18T02,8.0
2023-01-18T03,4.0
2023-01-18T04,15.0
2023-01-18T05,55.0
2023-01-18T06,135.0
2023-01-18T07,546.0
2023-01-18T08,1110.0
2023-01-18T09,432.0
2023-01-18T10,303.0
2023-01-18T11,305.0
2023-01-18T12,767.0
2023-01-18T13,446.0
2023-01-18T14,374.0
2023-01-18T15,383.0
2023-01-18T16,549.0
2023-01-18T17,753.0
2023-01-18T18,645.0
2023-01-18T19,67.0
2023-01-18T20,217.0
2023-01-18T21,214.0
2023-01-18T22,205.0
2023-01-18T23,106.0
2023-01-19T00,54.0
2023-01-19T01,16.0
2023-01-19T02,7.0
2023-01-19T03,8.0
2023-01-19T04,21.0
2023-01-19T05,40.0
2023-01-19T06,133.0
2023-01-19T07,566.0
2023-01-19T08,1105.0
2023-01-19T09,374.0
2023-01-19T10,242.0
2023-01-19T11,249.0
2023-01-19T12,92.0
2023-01-19T13,362.0
2023-01-19T14,324.0
2023-01-19T15,504.0
2023-01-19T16,689.0
2023-01-19T17,376.0
2023-01-19T18,632.0
2023-01-19T19,344.0
2023-01-19T20,269.0
2023-01-19T21,226.0
2023-01-19T22,188.0
2023-01-19T23,92.0
2023-01-20T00,56.0
2023-01-20T01,24.0
2023-01-20T02,18.0
2023-01-20T03,9.0
2023-01-20T04,13.0
2023-01-20T05,34.0
2023-01-20T06,108.0
2023-01-20T07,457.0
2023-01-20T08,996.0
2023-01-20T09,358.0
2023-01-20T10,272.0
2023-01-20T11,309.0
2023-01-20T12,481.0
2023-01-20T13,363.0
2023-01-20T14,318.0
2023-01-20T15,578.0
2023-01-20T16,696.0
2023-01-20T17,662.0
2023-01-20T18,503.0
2023-01-20T19,374.0
2023-01-20T20,284.0
2023-01-20T21,88.0
2023-01-20T22,141.0
2023-01-20T23,134.0
2023-01-21T00,131.0
2023-01-21T01,65.0
2023-01-21T02,43.0
2023-01-21T03,15.0
2023-01-21T04,26.0
2023-01-21T05,23.0
2023-01-21T06,28.0
2023-01-21T07,78.0
2023-01-21T08,137.0
2023-01-21T09,165.0
2023-01-21T10,198.0
2023-01-21T11,257.0
2023-01-21T12,325.0
2023-01-21T13,323.0
2023-01-21T14,306.0
2023-01-21T15,237.0
2023-01-21T16,29.0
2023-01-21T17,307.0
2023-01-21T18,279.0
2023-01-21T19,259.0
2023-01-21T20,144.0
2023-01-21T21,127.0
2023-01-21T22,114.0
2023-01-21T23,120.0
2023-01-22T00,109.0
2023-01-22T01,64.0
2023-01-22T02,45.0
2023-01-22T03,34.0
2023-01-22T04,19.0
2023-01-22T05,42.0
2023-01-22T06,37.0
2023-01-22T07,35.0
2023-01-22T08,47.0
2023-01-22T09,93.0
2023-01-22T10,168.0
2023-01-22T11,175.0
2023-01-22T12,117.0
2023-01-22T13,32.0
2023-01-22T14,125.0
2023-01-22T15,49.0
2023-01-22T16,30.0
2023-01-22T17,27.0
2023-01-22T18,28.0
2023-01-22T19,171.0
2023-01-22T20,163.0
2023-01-22T21,97.0
2023-01-22T22,18.0
2023-01-22T23,50.0
2023-01-23T00,14.0
2023-01-23T01,8.0
2023-01-23T02,5.0
2023-01-23T03,4.0
2023-01-23T04,22.0
2023-01-23T05,49.0
2023-01-23T06,145.0
2023-01-23T07,565.0
2023-01-23T08,1279.0
2023-01-23T09,420.0
2023-01-23T10,284.0
2023-01-23T11,228.0
2023-01-23T12,317.0
2023-01-23T13,318.0
2023-01-23T14,300.0
2023-01-23T15,602.0
2023-01-23T16,817.0
2023-01-23T17,811.0
2023-01-23T18,221.0
2023-01-23T19,131.0
2023-01-23T20,22.0
2023-01-23T21,16.0
2023-01-23T22,11.0
2023-01-23T23,8.0
2023-01-24T00,4.0
2023-01-24T01,0.0
2023-01-24T02,0.0
2023-01-24T03,7.0
2023-01-24T04,22.0
2023-01-24T05,54.0
2023-01-24T06,164.0
2023-01-24T07,694.0
2023-01-24T08,1355.0
2023-01-24T09,428.0
2023-01-24T10,320.0
2023-01-24T11,326.0
2023-01-24T12,442.0
2023-01-24T13,338.0
2023-01-24T14,291.0
2023-01-24T15,574.0
2023-01-24T16,789.0
2023-01-24T17,921.0
2023-01-24T18,662.0
2023-01-24T19,394.0
2023-01-24T20,238.0
2023-01-24T21,238.0
2023-01-24T22,200.0
2023-01-24T23,108.0
2023-01-25T00,43.0
2023-01-25T01,25.0
2023-01-25T02,5.0
2023-01-25T03,8.0
2023-01-25T04,23.0
2023-01-25T05,48.0
2023-01-25T06,139.0
2023-01-25T07,576.0
2023-01-25T08,1119.0
2023-01-25T09,398.0
2023-01-25T10,289.0
2023-01-25T11,330.0
2023-01-25T12,709.0
2023-01-25T13,420.0
2023-01-25T14,306.0
2023-01-25T15,384.0
2023-01-25T16,507.0
2023-01-25T17,736.0
2023-01-25T18,618.0
2023-01-25T19,389.0
2023-01-25T20,232.0
2023-01-25T21,189.0
2023-01-25T22,183.0
2023-01-25T23,123.0
2023-01-26T00,38.0
2023-01-26T01,20.0
2023-01-26T02,10.0
2023-01-26T03,14.0
2023-01-26T04,25.0
2023-01-26T05,49.0
2023-01-26T06,146.0
2023-01-26T07,570.0
2023-01-26T08,1156.0
2023-01-26T09,406.0
2023-01-26T10,262.0
2023-01-26T11,269.0
2023-01-26T12,391.0
2023-01-26T13,360.0
2023-01-26T14,302.0
2023-01-26T15,576.0
2023-01-26T16,757.0
2023-01-26T17,918.0
2023-01-26T18,675.0
2023-01-26T19,455.0
2023-01-26T20,268.0
2023-01-26T21,258.0
2023-01-26T22,218.0
2023-01-26T23,124.0
2023-01-27T00,62.0
2023-01-27T01,33.0
2023-01-27T02,15.0
2023-01-27T03,17.0
2023-01-27T04,28.0
2023-01-27T05,41.0
2023-01-27T06,124.0
2023-01-27T07,143.0
2023-01-27T08,247.0
2023-01-27T09,116.0
2023-01-27T10,62.0
2023-01-27T11,35.0
2023-01-27T12,467.0
2023-01-27T13,393.0
2023-01-27T14,362.0
2023-01-27T15,670.0
2023-01-27T16,629.0
2023-01-27T17,66.0
2023-01-27T18,71.0
2023-01-27T19,59.0
2023-01-27T20,28.0
2023-01-27T21,25.0
2023-01-27T22,20.0
2023-01-27T23,171.0
2023-01-28T00,152.0
2023-01-28T01,65.0
2023-01-28T02,7.0
2023-01-28T03,3.0
2023-01-28T04,2.0
2023-01-28T05,8.0
2023-01-28T06,10.0
2023-01-28T07,76.0
2023-01-28T08,147.0
2023-01-28T09,190.0
2023-01-28T10,151.0
2023-01-28T11,240.0
2023-01-28T12,336.0
2023-01-28T13,316.0
2023-01-28T14,288.0
2023-01-28T15,300.0
2023-01-28T16,317.0
2023-01-28T17,269.0
2023-01-28T18,184.0
2023-01-28T19,230.0
2023-01-28T20,162.0
2023-01-28T21,142.0
2023-01-28T22,124.0
2023-01-28T23,121.0
2023-01-29T00,116.0
2023-01-29T01,82.0
2023-01-29T02,29.0
2023-01-29T03,29.0
2023-01-29T04,44.0
2023-01-29T05,54.0
2023-01-29T06,54.0
2023-01-29T07,39.0
2023-01-29T08,60.0
2023-01-29T09,146.0
2023-01-29T10,155.0
2023-01-29T11,29.0
2023-01-29T12,217.0
2023-01-29T13,228.0
2023-01-29T14,201.0
2023-01-29T15,170.0
2023-01-29T16,196.0
2023-01-29T17,203.0
2023-01-29T18,210.0
2023-01-29T19,148.0
2023-01-29T20,141.0
2023-01-29T21,120.0
2023-01-29T22,105.0
2023-01-29T23,44.0
2023-01-30T00,21.0
2023-01-30T01,14.0
2023-01-30T02,1.0
2023-01-30T03,6.0
2023-01-30T04,23.0
2023-01-30T05,52.0
2023-01-30T06,137.0
2023-01-30T07,656.0
2023-01-30T08,1227.0
2023-01-30T09,394.0
2023-01-30T10,282.0
2023-01-30T11,296.0
2023-01-30T12,430.0
2023-01-30T13,341.0
2023-01-30T14,356.0
2023-01-30T15,605.0
2023-01-30T16,776.0
2023-01-30T17,863.0
2023-01-30T18,660.0
2023-01-30T19,379.0
2023-01-30T20,246.0
2023-01-30T21,235.0
2023-01-30T22,204.0
2023-01-30T23,35.0
2023-01-31T00,3.0
2023-01-31T01,19.0
2023-01-31T02,19.0
2023-01-31T03,15.0
2023-01-31T04,37.0
2023-01-31T05,61.0
2023-01-31T06,174.0
2023-01-31T07,639.0
2023-01-31T08,258.0
2023-01-31T09,392.0
2023-01-31T10,298.0
2023-01-31T11,298.0
2023-01-31T12,442.0
2023-01-31T13,359.0
2023-01-31T14,310.0
2023-01-31T15,594.0
2023-01-31T16,818.0
2023-01-31T17,906.0
2023-01-31T18,723.0
2023-01-31T19,408.0
2023-01-31T20,246.0
2023-01-31T21,245.0
2023-01-31T22,190.0
2023-01-31T23,116.0
2023-02-01T00,67.0
2023-02-01T01,34.0
2023-02-01T02,3.0
2023-02-01T03,1.0
2023-02-01T04,39.0
2023-02-01T05,68.0
2023-02-01T06,151.0
2023-02-01T07,626.0
2023-02-01T08,1122.0
2023-02-01T09,241.0
2023-02-01T10,260.0
2023-02-01T11,324.0
2023-02-01T12,786.0
2023-02-01T13,447.0
2023-02-01T14,378.0
2023-02-01T15,437.0
2023-02-01T16,617.0
2023-02-01T17,802.0
2023-02-01T18,650.0
2023-02-01T19,395.0
2023-02-01T20,240.0
2023-02-01T21,254.0
2023-02-01T22,226.0
2023-02-01T23,99.0
2023-02-02T00,76.0
2023-02-02T01,38.0
2023-02-02T02,14.0
2023-02-02T03,24.0
2023-02-02T04,40.0
2023-02-02T05,62.0
2023-02-02T06,178.0
2023-02-02T07,724.0
2023-02-02T08,1247.0
2023-02-02T09,406.0
2023-02-02T10,300.0
2023-02-02T11,279.0
2023-02-02T12,411.0
2023-02-02T13,376.0
2023-02-02T14,380.0
2023-02-02T15,578.0
2023-02-02T16,841.0
2023-02-02T17,958.0
2023-02-02T18,718.0
2023-02-02T19,441.0
2023-02-02T20,291.0
2023-02-02T21,252.0
2023-02-02T22,268.0
2023-02-02T23,156.0
2023-02-03T00,131.0
2023-02-03T01,74.0
2023-02-03T02,34.0
2023-02-03T03,38.0
2023-02-03T04,74.0
2023-02-03T05,77.0
2023-02-03T06,175.0
2023-02-03T07,567.0
2023-02-03T08,1112.0
2023-02-03T09,373.0
2023-02-03T10,313.0
2023-02-03T11,311.0
2023-02-03T12,452.0
2023-02-03T13,433.0
2023-02-03T14,396.0
2023-02-03T15,631.0
2023-02-03T16,702.0
2023-02-03T17,784.0
2023-02-03T18,600.0
2023-02-03T19,377.0
2023-02-03T20,297.0
2023-02-03T21,243.0
2023-02-03T22,195.0
2023-02-03T23,149.0
2023-02-04T00,134.0
2023-02-04T01,92.0
2023-02-04T02,52.0
2023-02-04T03,26.0
2023-02-04T04,35.0
2023-02-04T05,31.0
2023-02-04T06,35.0
2023-02-04T07,73.0
2023-02-04T08,99.0
2023-02-04T09,168.0
2023-02-04T10,230.0
2023-02-04T11,317.0
2023-02-04T12,285.0
2023-02-04T13,302.0
2023-02-04T14,310.0
2023-02-04T15,297.0
2023-02-04T16,326.0
2023-02-04T17,309.0
2023-02-04T18,297.0
2023-02-04T19,241.0
2023-02-04T20,176.0
2023-02-04T21,144.0
2023-02-04T22,153.0
2023-02-04T23,129.0
2023-02-05T00,97.0
2023-02-05T01,59.0
2023-02-05T02,37.0
2023-02-05T03,48.0
2023-02-05T04,40.0
2023-02-05T05,40.0
2023-02-05T06,35.0
2023-02-05T07,47.0
2023-02-05T08,14.0
2023-02-05T09,133.0
2023-02-05T10,203.0
2023-02-05T11,246.0
2023-02-05T12,232.0
2023-02-05T13,237.0
2023-02-05T14,244.0
2023-02-05T15,191.0
2023-02-05T16,227.0
2023-02-05T17,327.0
2023-02-05T18,244.0
2023-02-05T19,21.0
2023-02-05T20,91.0
2023-02-05T21,84.0
2023-02-05T22,59.0
2023-02-05T23,21.0
2023-02-06T00,12.0
2023-02-06T01,9.0
2023-02-06T02,0.0
2023-02-06T03,0.0
2023-02-06T04,5.0
2023-02-06T05,8.0
2023-02-06T06,141.0
2023-02-06T07,617.0
2023-02-06T08,1204.0
2023-02-06T09,395.0
2023-02-06T10,257.0
2023-02-06T11,267.0
2023-02-06T12,337.0
2023-02-06T13,337.0
2023-02-06T14,320.0
2023-02-06T15,580.0
2023-02-06T16,767.0
2023-02-06T17,906.0
2023-02-06T18,606.0
2023-02-06T19,308.0
2023-02-06T20,138.0
2023-02-06T21,14.0
2023-02-06T22,150.0
2023-02-06T23,82.0
2023-02-07T00,36.0
2023-02-07T01,12.0
2023-02-07T02,6.0
2023-02-07T03,12.0
2023-02-07T04,28.0
2023-02-07T05,66.0
2023-02-07T06,141.0
2023-02-07T07,650.0
2023-02-07T08,1149.0
2023-02-07T09,419.0
2023-02-07T10,246.0
2023-02-07T11,236.0
2023-02-07T12,357.0
2023-02-07T13,325.0
2023-02-07T14,301.0
2023-02-07T15,520.0
2023-02-07T16,761.0
2023-02-07T17,942.0
2023-02-07T18,472.0
2023-02-07T19,327.0
2023-02-07T20,210.0
2023-02-07T21,216.0
2023-02-07T22,181.0
2023-02-07T23,93.0
2023-02-08T00,43.0
2023-02-08T01,13.0
2023-02-08T02,10.0
2023-02-08T03,5.0
2023-02-08T04,28.0
2023-02-08T05,52.0
2023-02-08T06,138.0
2023-02-08T07,524.0
2023-02-08T08,987.0
2023-02-08T09,358.0
2023-02-08T10,236.0
2023-02-08T11,272.0
2023-02-08T12,684.0
2023-02-08T13,409.0
2023-02-08T14,335.0
2023-02-08T15,348.0
2023-02-08T16,522.0
2023-02-08T17,741.0
2023-02-08T18,579.0
2023-02-08T19,327.0
2023-02-08T20,111.0
2023-02-08T21,205.0
2023-02-08T22,205.0
2023-02-08T23,88.0
2023-02-09T00,50.0
2023-02-09T01,18.0
2023-02-09T02,8.0
2023-02-09T03,14.0
2023-02-09T04,18.0
2023-02-09T05,49.0
2023-02-09T06,141.0
2023-02-09T07,614.0
2023-02-09T08,1105.0
2023-02-09T09,373.0
2023-02-09T10,222.0
2023-02-09T11,249.0
2023-02-09T12,391.0
2023-02-09T13,367.0
2023-02-09T14,316.0
2023-02-09T15,515.0
2023-02-09T16,762.0
2023-02-09T17,901.0
2023-02-09T18,656.0
2023-02-09T19,382.0
2023-02-09T20,226.0
2023-02-09T21,199.0
2023-02-09T22,213.0
2023-02-09T23,120.0
2023-02-10T00,30.0
2023-02-10T01,3.0
2023-02-10T02,0.0
2023-02-10T03,1.0
2023-02-10T04,30.0
2023-02-10T05,48.0
2023-02-10T06,122.0
2023-02-10T07,525.0
2023-02-10T08,1024.0
2023-02-10T09,321.0
2023-02-10T10,18.0
2023-02-10T11,268.0
2023-02-10T12,376.0
2023-02-10T13,348.0
2023-02-10T14,358.0
2023-02-10T15,581.0
2023-02-10T16,661.0
2023-02-10T17,714.0
2023-02-10T18,481.0
2023-02-10T19,394.0
2023-02-10T20,279.0
2023-02-10T21,200.0
2023-02-10T22,167.0
2023-02-10T23,155.0
2023-02-11T00,114.0
2023-02-11T01,95.0
2023-02-11T02,47.0
2023-02-11T03,29.0
2023-02-11T04,19.0
2023-02-11T05,26.0
2023-02-11T06,43.0
2023-02-11T07,76.0
2023-02-11T08,115.0
2023-02-11T09,171.0
2023-02-11T10,200.0
2023-02-11T11,227.0
2023-02-11T12,304.0
2023-02-11T13,346.0
2023-02-11T14,274.0
2023-02-11T15,269.0
2023-02-11T16,302.0
2023-02-11T17,323.0
2023-02-11T18,279.0
2023-02-11T19,244.0
2023-02-11T20,182.0
2023-02-11T21,117.0
2023-02-11T22,131.0
2023-02-11T23,161.0
2023-02-12T00,122.0
2023-02-12T01,68.0
2023-02-12T02,59.0
2023-02-12T03,47.0
2023-02-12T04,33.0
2023-02-12T05,53.0
2023-02-12T06,53.0
2023-02-12T07,68.0
2023-02-12T08,88.0
2023-02-12T09,142.0
2023-02-12T10,236.0
2023-02-12T11,234.0
2023-02-12T12,218.0
2023-02-12T13,252.0
2023-02-12T14,306.0
2023-02-12T15,240.0
2023-02-12T16,240.0
2023-02-12T17,320.0
2023-02-12T18,219.0
2023-02-12T19,191.0
2023-02-12T20,208.0
2023-02-12T21,176.0
2023-02-12T22,149.0
2023-02-12T23,60.0
2023-02-13T00,28.0
2023-02-13T01,21.0
2023-02-13T02,11.0
2023-02-13T03,5.0
2023-02-13T04,0.0
2023-02-13T05,64.0
2023-02-13T06,162.0
2023-02-13T07,695.0
2023-02-13T08,1538.0
2023-02-13T09,401.0
2023-02-13T10,357.0
2023-02-13T11,363.0
2023-02-13T12,582.0
2023-02-13T13,524.0
2023-02-13T14,462.0
2023-02-13T15,767.0
2023-02-13T16,976.0
2023-02-13T17,1177.0
2023-02-13T18,886.0
2023-02-13T19,483.0
2023-02-13T20,324.0
2023-02-13T21,322.0
2023-02-13T22,33.0
2023-02-13T23,72.0
2023-02-14T00,64.0
2023-02-14T01,38.0
2023-02-14T02,8.0
2023-02-14T03,3.0
2023-02-14T04,37.0
2023-02-14T05,63.0
2023-02-14T06,203.0
2023-02-14T07,818.0
2023-02-14T08,1625.0
2023-02-14T09,595.0
2023-02-14T10,405.0
2023-02-14T11,488.0
2023-02-14T12,666.0
2023-02-14T13,614.0
2023-02-14T14,517.0
2023-02-14T15,829.0
2023-02-14T16,1148.0
2023-02-14T17,1272.0
2023-02-14T18,994.0
2023-02-14T19,502.0
2023-02-14T20,331.0
2023-02-14T21,333.0
2023-02-14T22,267.0
2023-02-14T23,188.0
2023-02-15T00,24.0
2023-02-15T01,2.0
2023-02-15T02,13.0
2023-02-15T03,1.0
2023-02-15T04,37.0
2023-02-15T05,57.0
2023-02-15T06,165.0
2023-02-15T07,691.0
2023-02-15T08,1495.0
2023-02-15T09,82.0
2023-02-15T10,360.0
2023-02-15T11,535.0
2023-02-15T12,954.0
2023-02-15T13,649.0
2023-02-15T14,572.0
2023-02-15T15,608.0
2023-02-15T16,773.0
2023-02-15T17,1092.0
2023-02-15T18,880.0
2023-02-15T19,517.0
2023-02-15T20,334.0
2023-02-15T21,322.0
2023-02-15T22,254.0
2023-02-15T23,196.0
2023-02-16T00,93.0
2023-02-16T01,67.0
2023-02-16T02,58.0
2023-02-16T03,33.0
2023-02-16T04,40.0
2023-02-16T05,69.0
2023-02-16T06,178.0
2023-02-16T07,732.0
2023-02-16T08,1470.0
2023-02-16T09,485.0
2023-02-16T10,373.0
2023-02-16T11,435.0
2023-02-16T12,575.0
2023-02-16T13,549.0
2023-02-16T14,463.0
2023-02-16T15,702.0
2023-02-16T16,912.0
2023-02-16T17,1084.0
2023-02-16T18,877.0
2023-02-16T19,544.0
2023-02-16T20,364.0
2023-02-16T21,338.0
2023-02-16T22,315.0
2023-02-16T23,201.0
2023-02-17T00,148.0
2023-02-17T01,71.0
2023-02-17T02,54.0
2023-02-17T03,60.0
2023-02-17T04,81.0
2023-02-17T05,83.0
2023-02-17T06,138.0
2023-02-17T07,654.0
2023-02-17T08,1367.0
2023-02-17T09,544.0
2023-02-17T10,355.0
2023-02-17T11,471.0
2023-02-17T12,592.0
2023-02-17T13,515.0
2023-02-17T14,493.0
2023-02-17T15,757.0
2023-02-17T16,891.0
2023-02-17T17,903.0
2023-02-17T18,626.0
2023-02-17T19,414.0
2023-02-17T20,296.0
2023-02-17T21,186.0
2023-02-17T22,202.0
2023-02-17T23,151.0
2023-02-18T00,135.0
2023-02-18T01,88.0
2023-02-18T02,47.0
2023-02-18T03,29.0
2023-02-18T04,39.0
2023-02-18T05,32.0
2023-02-18T06,59.0
2023-02-18T07,70.0
2023-02-18T08,135.0
2023-02-18T09,185.0
2023-02-18T10,246.0
2023-02-18T11,227.0
2023-02-18T12,292.0
2023-02-18T13,328.0
2023-02-18T14,281.0
2023-02-18T15,287.0
2023-02-18T16,248.0
2023-02-18T17,294.0
2023-02-18T18,240.0
2023-02-18T19,242.0
2023-02-18T20,153.0
2023-02-18T21,141.0
2023-02-18T22,143.0
2023-02-18T23,126.0
2023-02-19T00,113.0
2023-02-19T01,69.0
2023-02-19T02,32.0
2023-02-19T03,28.0
2023-02-19T04,24.0
2023-02-19T05,32.0
2023-02-19T06,38.0
2023-02-19T07,37.0
2023-02-19T08,60.0
2023-02-19T09,140.0
2023-02-19T10,184.0
2023-02-19T11,227.0
2023-02-19T12,236.0
2023-02-19T13,294.0
2023-02-19T14,252.0
2023-02-19T15,316.0
2023-02-19T16,212.0
2023-02-19T17,239.0
2023-02-19T18,290.0
2023-02-19T19,260.0
2023-02-19T20,18.0
2023-02-19T21,78.0
2023-02-19T22,69.0
2023-02-19T23,30.0
2023-02-20T00,19.0
2023-02-20T01,8.0
2023-02-20T02,2.0
2023-02-20T03,10.0
2023-02-20T04,26.0
2023-02-20T05,41.0
2023-02-20T06,162.0
2023-02-20T07,505.0
2023-02-20T08,1022.0
2023-02-20T09,472.0
2023-02-20T10,275.0
2023-02-20T11,352.0
2023-02-20T12,448.0
2023-02-20T13,442.0
2023-02-20T14,357.0
2023-02-20T15,509.0
2023-02-20T16,641.0
2023-02-20T17,980.0
2023-02-20T18,733.0
2023-02-20T19,470.0
2023-02-20T20,313.0
2023-02-20T21,263.0
2023-02-20T22,215.0
2023-02-20T23,150.0
2023-02-21T00,86.0
2023-02-21T01,36.0
2023-02-21T02,33.0
2023-02-21T03,33.0
2023-02-21T04,29.0
2023-02-21T05,62.0
2023-02-21T06,170.0
2023-02-21T07,551.0
2023-02-21T08,1063.0
2023-02-21T09,499.0
2023-02-21T10,344.0
2023-02-21T11,445.0
2023-02-21T12,514.0
2023-02-21T13,477.0
2023-02-21T14,430.0
2023-02-21T15,515.0
2023-02-21T16,732.0
2023-02-21T17,1003.0
2023-02-21T18,903.0
2023-02-21T19,511.0
2023-02-21T20,165.0
2023-02-21T21,145.0
2023-02-21T22,70.0
2023-02-21T23,62.0
2023-02-22T00,43.0
2023-02-22T01,26.0
2023-02-22T02,3.0
2023-02-22T03,3.0
2023-02-22T04,3.0
2023-02-22T05,6.0
2023-02-22T06,12.0
2023-02-22T07,39.0
2023-02-22T08,181.0
2023-02-22T09,461.0
2023-02-22T10,343.0
2023-02-22T11,439.0
2023-02-22T12,520.0
2023-02-22T13,522.0
2023-02-22T14,419.0
2023-02-22T15,434.0
2023-02-22T16,686.0
2023-02-22T17,1022.0
2023-02-22T18,726.0
2023-02-22T19,550.0
2023-02-22T20,294.0
2023-02-22T21,289.0
2023-02-22T22,256.0
2023-02-22T23,159.0
2023-02-23T00,135.0
2023-02-23T01,73.0
2023-02-23T02,48.0
2023-02-23T03,38.0
2023-02-23T04,63.0
2023-02-23T05,72.0
2023-02-23T06,181.0
2023-02-23T07,521.0
2023-02-23T08,946.0
2023-02-23T09,473.0
2023-02-23T10,301.0
2023-02-23T11,368.0
2023-02-23T12,498.0
2023-02-23T13,471.0
2023-02-23T14,393.0
2023-02-23T15,509.0
2023-02-23T16,643.0
2023-02-23T17,992.0
2023-02-23T18,806.0
2023-02-23T19,573.0
2023-02-23T20,375.0
2023-02-23T21,265.0
2023-02-23T22,219.0
2023-02-23T23,190.0
2023-02-24T00,136.0
2023-02-24T01,34.0
2023-02-24T02,60.0
2023-02-24T03,50.0
2023-02-24T04,67.0
2023-02-24T05,18.0
2023-02-24T06,133.0
2023-02-24T07,400.0
2023-02-24T08,853.0
2023-02-24T09,418.0
2023-02-24T10,133.0
2023-02-24T11,423.0
2023-02-24T12,512.0
2023-02-24T13,455.0
2023-02-24T14,437.0
2023-02-24T15,443.0
2023-02-24T16,623.0
2023-02-24T17,648.0
2023-02-24T18,564.0
2023-02-24T19,376.0
2023-02-24T20,109.0
2023-02-24T21,18.0
2023-02-24T22,10.0
2023-02-24T23,44.0
2023-02-25T00,76.0
2023-02-25T01,82.0
2023-02-25T02,8.0
2023-02-25T03,3.0
2023-02-25T04,4.0
2023-02-25T05,6.0
2023-02-25T06,11.0
2023-02-25T07,73.0
2023-02-25T08,13.0
2023-02-25T09,235.0
2023-02-25T10,266.0
2023-02-25T11,389.0
2023-02-25T12,252.0
2023-02-25T13,316.0
2023-02-25T14,265.0
2023-02-25T15,282.0
2023-02-25T16,273.0
2023-02-25T17,325.0
2023-02-25T18,244.0
2023-02-25T19,219.0
2023-02-25T20,68.0
2023-02-25T21,15.0
2023-02-25T22,99.0
2023-02-25T23,107.0
2023-02-26T00,65.0
2023-02-26T01,62.0
2023-02-26T02,44.0
2023-02-26T03,23.0
2023-02-26T04,1.0
2023-02-26T05,12.0
2023-02-26T06,46.0
2023-02-26T07,87.0
2023-02-26T08,88.0
2023-02-26T09,134.0
2023-02-26T10,242.0
2023-02-26T11,229.0
2023-02-26T12,252.0
2023-02-26T13,254.0
2023-02-26T14,256.0
2023-02-26T15,227.0
2023-02-26T16,241.0
2023-02-26T17,229.0
2023-02-26T18,214.0
2023-02-26T19,192.0
2023-02-26T20,181.0
2023-02-26T21,209.0
2023-02-26T22,96.0
2023-02-26T23,3.0
2023-02-27T00,37.0
2023-02-27T01,23.0
2023-02-27T02,3.0
2023-02-27T03,4.0
2023-02-27T04,24.0
2023-02-27T05,51.0
2023-02-27T06,151.0
2023-02-27T07,672.0
2023-02-27T08,1469.0
2023-02-27T09,547.0
2023-02-27T10,332.0
2023-02-27T11,431.0
2023-02-27T12,601.0
2023-02-27T13,476.0
2023-02-27T14,473.0
2023-02-27T15,810.0
2023-02-27T16,990.0
2023-02-27T17,1161.0
2023-02-27T18,892.0
2023-02-27T19,452.0
2023-02-27T20,327.0
2023-02-27T21,227.0
2023-02-27T22,48.0
2023-02-27T23,130.0
2023-02-28T00,78.0
2023-02-28T01,36.0
2023-02-28T02,22.0
2023-02-28T03,22.0
2023-02-28T04,27.0
2023-02-28T05,53.0
2023-02-28T06,160.0
2023-02-28T07,293.0
2023-02-28T08,303.0
2023-02-28T09,512.0
2023-02-28T10,363.0
2023-02-28T11,428.0
2023-02-28T12,576.0
2023-02-28T13,575.0
2023-02-28T14,401.0
2023-02-28T15,730.0
2023-02-28T16,988.0
2023-02-28T17,109.0
2023-02-28T18,987.0
2023-02-28T19,551.0
2023-02-28T20,329.0
2023-02-28T21,343.0
2023-02-28T22,253.0
2023-02-28T23,178.0
2023-03-01T00,82.0
2023-03-01T01,48.0
2023-03-01T02,39.0
2023-03-01T03,46.0
2023-03-01T04,32.0
2023-03-01T05,69.0
2023-03-01T06,158.0
2023-03-01T07,718.0
2023-03-01T08,1438.0
2023-03-01T09,565.0
2023-03-01T10,389.0
2023-03-01T11,568.0
2023-03-01T12,963.0
2023-03-01T13,744.0
2023-03-01T14,535.0
2023-03-01T15,581.0
2023-03-01T16,768.0
2023-03-01T17,869.0
2023-03-01T18,150.0
2023-03-01T19,560.0
2023-03-01T20,347.0
2023-03-01T21,297.0
2023-03-01T22,264.0
2023-03-01T23,176.0
2023-03-02T00,102.0
2023-03-02T01,59.0
2023-03-02T02,29.0
2023-03-02T03,44.0
2023-03-02T04,38.0
2023-03-02T05,64.0
2023-03-02T06,185.0
2023-03-02T07,718.0
2023-03-02T08,1443.0
2023-03-02T09,547.0
2023-03-02T10,358.0
2023-03-02T11,457.0
2023-03-02T12,569.0
2023-03-02T13,556.0
2023-03-02T14,475.0
2023-03-02T15,722.0
2023-03-02T16,1003.0
2023-03-02T17,1221.0
2023-03-02T18,994.0
2023-03-02T19,418.0
2023-03-02T20,79.0
2023-03-02T21,361.0
2023-03-02T22,307.0
2023-03-02T23,209.0
2023-03-03T00,168.0
2023-03-03T01,80.0
2023-03-03T02,45.0
2023-03-03T03,59.0
2023-03-03T04,63.0
2023-03-03T05,65.0
2023-03-03T06,156.0
2023-03-03T07,663.0
2023-03-03T08,1399.0
2023-03-03T09,510.0
2023-03-03T10,287.0
2023-03-03T11,388.0
2023-03-03T12,577.0
2023-03-03T13,537.0
2023-03-03T14,445.0
2023-03-03T15,771.0
2023-03-03T16,924.0
2023-03-03T17,901.0
2023-03-03T18,713.0
2023-03-03T19,452.0
2023-03-03T20,285.0
2023-03-03T21,225.0
2023-03-03T22,225.0
2023-03-03T23,177.0
2023-03-04T00,122.0
2023-03-04T01,125.0
2023-03-04T02,52.0
2023-03-04T03,25.0
2023-03-04T04,36.0
2023-03-04T05,49.0
2023-03-04T06,57.0
2023-03-04T07,81.0
2023-03-04T08,115.0
2023-03-04T09,186.0
2023-03-04T10,243.0
2023-03-04T11,279.0
2023-03-04T12,306.0
2023-03-04T13,329.0
2023-03-04T14,287.0
2023-03-04T15,274.0
2023-03-04T16,311.0
2023-03-04T17,312.0
2023-03-04T18,254.0
2023-03-04T19,22.0
2023-03-04T20,26.0
2023-03-04T21,13.0
2023-03-04T22,121.0
2023-03-04T23,137.0
2023-03-05T00,86.0
2023-03-05T01,58.0
2023-03-05T02,9.0
2023-03-05T03,6.0
2023-03-05T04,6.0
2023-03-05T05,2.0
2023-03-05T06,4.0
2023-03-05T07,1.0
2023-03-05T08,15.0
2023-03-05T09,113.0
2023-03-05T10,151.0
2023-03-05T11,181.0
2023-03-05T12,198.0
2023-03-05T13,47.0
2023-03-05T14,202.0
2023-03-05T15,175.0
2023-03-05T16,217.0
2023-03-05T17,296.0
2023-03-05T18,40.0
2023-03-05T19,23.0
2023-03-05T20,12.0
2023-03-05T21,240.0
2023-03-05T22,168.0
2023-03-05T23,69.0
2023-03-06T00,26.0
2023-03-06T01,13.0
2023-03-06T02,4.0
2023-03-06T03,8.0
2023-03-06T04,22.0
2023-03-06T05,59.0
2023-03-06T06,162.0
2023-03-06T07,747.0
2023-03-06T08,1491.0
2023-03-06T09,565.0
2023-03-06T10,352.0
2023-03-06T11,387.0
2023-03-06T12,561.0
2023-03-06T13,464.0
2023-03-06T14,446.0
2023-03-06T15,764.0
2023-03-06T16,1055.0
2023-03-06T17,1014.0
2023-03-06T18,113.0
2023-03-06T19,431.0
2023-03-06T20,299.0
2023-03-06T21,264.0
2023-03-06T22,241.0
2023-03-06T23,124.0
2023-03-07T00,89.0
2023-03-07T01,52.0
2023-03-07T02,26.0
2023-03-07T03,15.0
2023-03-07T04,16.0
2023-03-07T05,66.0
2023-03-07T06,158.0
2023-03-07T07,213.0
2023-03-07T08,499.0
2023-03-07T09,452.0
2023-03-07T10,284.0
2023-03-07T11,355.0
2023-03-07T12,492.0
2023-03-07T13,451.0
2023-03-07T14,312.0
2023-03-07T15,58.0
2023-03-07T16,58.0
2023-03-07T17,1036.0
2023-03-07T18,832.0
2023-03-07T19,513.0
2023-03-07T20,295.0
2023-03-07T21,291.0
2023-03-07T22,239.0
2023-03-07T23,171.0
2023-03-08T00,105.0
2023-03-08T01,44.0
2023-03-08T02,33.0
2023-03-08T03,20.0
2023-03-08T04,37.0
2023-03-08T05,55.0
2023-03-08T06,132.0
2023-03-08T07,445.0
2023-03-08T08,1011.0
2023-03-08T09,333.0
2023-03-08T10,234.0
2023-03-08T11,327.0
2023-03-08T12,644.0
2023-03-08T13,456.0
2023-03-08T14,366.0
2023-03-08T15,363.0
2023-03-08T16,493.0
2023-03-08T17,722.0
2023-03-08T18,634.0
2023-03-08T19,415.0
2023-03-08T20,229.0
2023-03-08T21,269.0
2023-03-08T22,212.0
2023-03-08T23,139.0
2023-03-09T00,67.0
2023-03-09T01,48.0
2023-03-09T02,58.0
2023-03-09T03,32.0
2023-03-09T04,61.0
2023-03-09T05,70.0
2023-03-09T06,142.0
2023-03-09T07,672.0
2023-03-09T08,1320.0
2023-03-09T09,446.0
2023-03-09T10,329.0
2023-03-09T11,372.0
2023-03-09T12,465.0
2023-03-09T13,424.0
2023-03-09T14,401.0
2023-03-09T15,646.0
2023-03-09T16,778.0
2023-03-09T17,984.0
2023-03-09T18,744.0
2023-03-09T19,452.0
2023-03-09T20,306.0
2023-03-09T21,244.0
2023-03-09T22,220.0
2023-03-09T23,177.0
2023-03-10T00,129.0
2023-03-10T01,64.0
2023-03-10T02,50.0
2023-03-10T03,52.0
2023-03-10T04,50.0
2023-03-10T05,63.0
2023-03-10T06,119.0
2023-03-10T07,475.0
2023-03-10T08,1102.0
2023-03-10T09,429.0
2023-03-10T10,303.0
2023-03-10T11,377.0
2023-03-10T12,463.0
2023-03-10T13,416.0
2023-03-10T14,186.0
2023-03-10T15,583.0
2023-03-10T16,659.0
2023-03-10T17,665.0
2023-03-10T18,512.0
2023-03-10T19,352.0
2023-03-10T20,242.0
2023-03-10T21,182.0
2023-03-10T22,157.0
2023-03-10T23,152.0
2023-03-11T00,114.0
2023-03-11T01,77.0
2023-03-11T02,38.0
2023-03-11T03,32.0
2023-03-11T04,25.0
2023-03-11T05,48.0
2023-03-11T06,50.0
2023-03-11T07,68.0
2023-03-11T08,168.0
2023-03-11T09,230.0
2023-03-11T10,279.0
2023-03-11T11,313.0
2023-03-11T12,383.0
2023-03-11T13,366.0
2023-03-11T14,422.0
2023-03-11T15,361.0
2023-03-11T16,340.0
2023-03-11T17,367.0
2023-03-11T18,324.0
2023-03-11T19,87.0
2023-03-11T20,23.0
2023-03-11T21,19.0
2023-03-11T22,145.0
2023-03-11T23,139.0
2023-03-12T00,108.0
2023-03-12T01,73.0
2023-03-12T02,11.0
2023-03-12T03,3.0
2023-03-12T04,13.0
2023-03-12T05,11.0
2023-03-12T06,11.0
2023-03-12T07,38.0
2023-03-12T08,62.0
2023-03-12T09,144.0
2023-03-12T10,212.0
2023-03-12T11,188.0
2023-03-12T12,246.0
2023-03-12T13,240.0
2023-03-12T14,250.0
2023-03-12T15,236.0
2023-03-12T16,243.0
2023-03-12T17,292.0
2023-03-12T18,223.0
2023-03-12T19,255.0
2023-03-12T20,192.0
2023-03-12T21,189.0
2023-03-12T22,128.0
2023-03-12T23,68.0
2023-03-13T00,23.0
2023-03-13T01,17.0
2023-03-13T02,13.0
2023-03-13T03,7.0
2023-03-13T04,28.0
2023-03-13T05,58.0
2023-03-13T06,164.0
2023-03-13T07,700.0
2023-03-13T08,1508.0
2023-03-13T09,533.0
2023-03-13T10,326.0
2023-03-13T11,380.0
2023-03-13T12,519.0
2023-03-13T13,484.0
2023-03-13T14,419.0
2023-03-13T15,784.0
2023-03-13T16,935.0
2023-03-13T17,1165.0
2023-03-13T18,987.0
2023-03-13T19,522.0
2023-03-13T20,336.0
2023-03-13T21,305.0
2023-03-13T22,229.0
2023-03-13T23,148.0
2023-03-14T00,109.0
2023-03-14T01,33.0
2023-03-14T02,32.0
2023-03-14T03,25.0
2023-03-14T04,41.0
2023-03-14T05,59.0
2023-03-14T06,160.0
2023-03-14T07,641.0
2023-03-14T08,1317.0
2023-03-14T09,75.0
2023-03-14T10,187.0
2023-03-14T11,80.0
2023-03-14T12,80.0
2023-03-14T13,405.0
2023-03-14T14,99.0
2023-03-14T15,624.0
2023-03-14T16,871.0
2023-03-14T17,1008.0
2023-03-14T18,875.0
2023-03-14T19,180.0
2023-03-14T20,309.0
2023-03-14T21,333.0
2023-03-14T22,272.0
2023-03-14T23,191.0
2023-03-15T00,90.0
2023-03-15T01,66.0
2023-03-15T02,41.0
2023-03-15T03,22.0
2023-03-15T04,8.0
2023-03-15T05,3.0
2023-03-15T06,156.0
2023-03-15T07,676.0
2023-03-15T08,1417.0
2023-03-15T09,573.0
2023-03-15T10,390.0
2023-03-15T11,582.0
2023-03-15T12,926.0
2023-03-15T13,616.0
2023-03-15T14,522.0
2023-03-15T15,605.0
2023-03-15T16,810.0
2023-03-15T17,1073.0
2023-03-15T18,826.0
2023-03-15T19,524.0
2023-03-15T20,377.0
2023-03-15T21,329.0
2023-03-15T22,118.0
2023-03-15T23,23.0
2023-03-16T00,64.0
2023-03-16T01,51.0
2023-03-16T02,36.0
2023-03-16T03,15.0
2023-03-16T04,3.0
2023-03-16T05,101.0
2023-03-16T06,192.0
2023-03-16T07,786.0
2023-03-16T08,1576.0
2023-03-16T09,572.0
2023-03-16T10,388.0
2023-03-16T11,424.0
2023-03-16T12,663.0
2023-03-16T13,513.0
2023-03-16T14,481.0
2023-03-16T15,794.0
2023-03-16T16,1100.0
2023-03-16T17,1226.0
2023-03-16T18,964.0
2023-03-16T19,618.0
2023-03-16T20,411.0
2023-03-16T21,343.0
2023-03-16T22,289.0
2023-03-16T23,243.0
2023-03-17T00,142.0
2023-03-17T01,70.0
2023-03-17T02,44.0
2023-03-17T03,40.0
2023-03-17T04,43.0
2023-03-17T05,79.0
2023-03-17T06,167.0
2023-03-17T07,653.0
2023-03-17T08,1390.0
2023-03-17T09,566.0
2023-03-17T10,402.0
2023-03-17T11,485.0
2023-03-17T12,637.0
2023-03-17T13,550.0
2023-03-17T14,510.0
2023-03-17T15,803.0
2023-03-17T16,914.0
2023-03-17T17,968.0
2023-03-17T18,708.0
2023-03-17T19,459.0
2023-03-17T20,349.0
2023-03-17T21,240.0
2023-03-17T22,250.0
2023-03-17T23,213.0
2023-03-18T00,164.0
2023-03-18T01,83.0
2023-03-18T02,60.0
2023-03-18T03,36.0
2023-03-18T04,42.0
2023-03-18T05,47.0
2023-03-18T06,67.0
2023-03-18T07,103.0
2023-03-18T08,164.0
2023-03-18T09,225.0
2023-03-18T10,213.0
2023-03-18T11,254.0
2023-03-18T12,364.0
2023-03-18T13,403.0
2023-03-18T14,348.0
2023-03-18T15,322.0
2023-03-18T16,334.0
2023-03-18T17,343.0
2023-03-18T18,303.0
2023-03-18T19,294.0
2023-03-18T20,218.0
2023-03-18T21,192.0
2023-03-18T22,156.0
2023-03-18T23,180.0
2023-03-19T00,140.0
2023-03-19T01,78.0
2023-03-19T02,37.0
2023-03-19T03,27.0
2023-03-19T04,28.0
2023-03-19T05,39.0
2023-03-19T06,46.0
2023-03-19T07,61.0
2023-03-19T08,101.0
2023-03-19T09,145.0
2023-03-19T10,228.0
2023-03-19T11,259.0
2023-03-19T12,304.0
2023-03-19T13,273.0
2023-03-19T14,352.0
2023-03-19T15,288.0
2023-03-19T16,271.0
2023-03-19T17,359.0
2023-03-19T18,379.0
2023-03-19T19,243.0
2023-03-19T20,204.0
2023-03-19T21,25.0
2023-03-19T22,25.0
2023-03-19T23,94.0
2023-03-20T00,39.0
2023-03-20T01,14.0
2023-03-20T02,1.0
2023-03-20T03,1.0
2023-03-20T04,2.0
2023-03-20T05,74.0
2023-03-20T06,182.0
2023-03-20T07,736.0
2023-03-20T08,1554.0
2023-03-20T09,563.0
2023-03-20T10,302.0
2023-03-20T11,388.0
2023-03-20T12,555.0
2023-03-20T13,529.0
2023-03-20T14,461.0
2023-03-20T15,804.0
2023-03-20T16,999.0
2023-03-20T17,1196.0
2023-03-20T18,934.0
2023-03-20T19,496.0
2023-03-20T20,306.0
2023-03-20T21,328.0
2023-03-20T22,272.0
2023-03-20T23,154.0
2023-03-21T00,64.0
2023-03-21T01,29.0
2023-03-21T02,21.0
2023-03-21T03,17.0
2023-03-21T04,27.0
2023-03-21T05,60.0
2023-03-21T06,173.0
2023-03-21T07,794.0
2023-03-21T08,1592.0
2023-03-21T09,585.0
2023-03-21T10,361.0
2023-03-21T11,452.0
2023-03-21T12,613.0
2023-03-21T13,466.0
2023-03-21T14,424.0
2023-03-21T15,735.0
2023-03-21T16,923.0
2023-03-21T17,1185.0
2023-03-21T18,985.0
2023-03-21T19,577.0
2023-03-21T20,360.0
2023-03-21T21,352.0
2023-03-21T22,287.0
2023-03-21T23,206.0
2023-03-22T00,98.0
2023-03-22T01,59.0
2023-03-22T02,32.0
2023-03-22T03,33.0
2023-03-22T04,59.0
2023-03-22T05,62.0
2023-03-22T06,160.0
2023-03-22T07,711.0
2023-03-22T08,1471.0
2023-03-22T09,538.0
2023-03-22T10,306.0
2023-03-22T11,442.0
2023-03-22T12,881.0
2023-03-22T13,576.0
2023-03-22T14,499.0
2023-03-22T15,490.0
2023-03-22T16,699.0
2023-03-22T17,1012.0
2023-03-22T18,821.0
2023-03-22T19,504.0
2023-03-22T20,323.0
2023-03-22T21,319.0
2023-03-22T22,297.0
2023-03-22T23,165.0
2023-03-23T00,94.0
2023-03-23T01,71.0
2023-03-23T02,38.0
2023-03-23T03,40.0
2023-03-23T04,43.0
2023-03-23T05,75.0
2023-03-23T06,148.0
2023-03-23T07,711.0
2023-03-23T08,1434.0
2023-03-23T09,521.0
2023-03-23T10,363.0
2023-03-23T11,432.0
2023-03-23T12,570.0
2023-03-23T13,474.0
2023-03-23T14,471.0
2023-03-23T15,671.0
2023-03-23T16,881.0
2023-03-23T17,1024.0
2023-03-23T18,929.0
2023-03-23T19,509.0
2023-03-23T20,357.0
2023-03-23T21,295.0
2023-03-23T22,288.0
2023-03-23T23,176.0
2023-03-24T00,129.0
2023-03-24T01,71.0
2023-03-24T02,72.0
2023-03-24T03,40.0
2023-03-24T04,78.0
2023-03-24T05,89.0
2023-03-24T06,138.0
2023-03-24T07,610.0
2023-03-24T08,1171.0
2023-03-24T09,418.0
2023-03-24T10,336.0
2023-03-24T11,406.0
2023-03-24T12,452.0
2023-03-24T13,462.0
2023-03-24T14,417.0
2023-03-24T15,701.0
2023-03-24T16,736.0
2023-03-24T17,809.0
2023-03-24T18,601.0
2023-03-24T19,450.0
2023-03-24T20,279.0
2023-03-24T21,242.0
2023-03-24T22,220.0
2023-03-24T23,191.0
2023-03-25T00,145.0
2023-03-25T01,91.0
2023-03-25T02,47.0
2023-03-25T03,38.0
2023-03-25T04,48.0
2023-03-25T05,52.0
2023-03-25T06,49.0
2023-03-25T07,84.0
2023-03-25T08,124.0
2023-03-25T09,199.0
2023-03-25T10,241.0
2023-03-25T11,277.0
2023-03-25T12,311.0
2023-03-25T13,296.0
2023-03-25T14,289.0
2023-03-25T15,290.0
2023-03-25T16,297.0
2023-03-25T17,351.0
2023-03-25T18,325.0
2023-03-25T19,287.0
2023-03-25T20,178.0
2023-03-25T21,171.0
2023-03-25T22,158.0
2023-03-25T23,136.0
2023-03-26T00,94.0
2023-03-26T01,70.0
2023-03-26T03,52.0
2023-03-26T04,32.0
2023-03-26T05,29.0
2023-03-26T06,39.0
2023-03-26T07,36.0
2023-03-26T08,77.0
2023-03-26T09,113.0
2023-03-26T10,147.0
2023-03-26T11,164.0
2023-03-26T12,174.0
2023-03-26T13,211.0
2023-03-26T14,242.0
2023-03-26T15,199.0
2023-03-26T16,178.0
2023-03-26T17,241.0
2023-03-26T18,240.0
2023-03-26T19,228.0
2023-03-26T20,213.0
2023-03-26T21,71.0
2023-03-26T22,21.0
2023-03-26T23,9.0
2023-03-27T00,6.0
2023-03-27T01,19.0
2023-03-27T02,7.0
2023-03-27T03,3.0
2023-03-27T04,1.0
2023-03-27T05,51.0
2023-03-27T06,9.0
2023-03-27T07,648.0
2023-03-27T08,1378.0
2023-03-27T09,614.0
2023-03-27T10,344.0
2023-03-27T11,408.0
2023-03-27T12,506.0
2023-03-27T13,517.0
2023-03-27T14,387.0
2023-03-27T15,707.0
2023-03-27T16,918.0
2023-03-27T17,1109.0
2023-03-27T18,847.0
2023-03-27T19,541.0
2023-03-27T20,108.0
2023-03-27T21,288.0
2023-03-27T22,270.0
2023-03-27T23,164.0
2023-03-28T00,165.0
2023-03-28T01,30.0
2023-03-28T02,26.0
2023-03-28T03,19.0
2023-03-28T04,45.0
2023-03-28T05,48.0
2023-03-28T06,167.0
2023-03-28T07,717.0
2023-03-28T08,1444.0
2023-03-28T09,587.0
2023-03-28T10,370.0
2023-03-28T11,436.0
2023-03-28T12,632.0
2023-03-28T13,551.0
2023-03-28T14,448.0
2023-03-28T15,728.0
2023-03-28T16,957.0
2023-03-28T17,1182.0
2023-03-28T18,908.0
2023-03-28T19,229.0
2023-03-28T20,83.0
2023-03-28T21,94.0
2023-03-28T22,21.0
2023-03-28T23,216.0
2023-03-29T00,105.0
2023-03-29T01,43.0
2023-03-29T02,34.0
2023-03-29T03,32.0
2023-03-29T04,53.0
2023-03-29T05,67.0
2023-03-29T06,160.0
2023-03-29T07,672.0
2023-03-29T08,1335.0
2023-03-29T09,606.0
2023-03-29T10,389.0
2023-03-29T11,520.0
2023-03-29T12,827.0
2023-03-29T13,616.0
2023-03-29T14,542.0
2023-03-29T15,589.0
2023-03-29T16,803.0
2023-03-29T17,1096.0
2023-03-29T18,971.0
2023-03-29T19,637.0
2023-03-29T20,450.0
2023-03-29T21,396.0
2023-03-29T22,367.0
2023-03-29T23,213.0
2023-03-30T00,145.0
2023-03-30T01,87.0
2023-03-30T02,42.0
2023-03-30T03,48.0
2023-03-30T04,58.0
2023-03-30T05,91.0
2023-03-30T06,166.0
2023-03-30T07,712.0
2023-03-30T08,1528.0
2023-03-30T09,591.0
2023-03-30T10,376.0
2023-03-30T11,405.0
2023-03-30T12,576.0
2023-03-30T13,524.0
2023-03-30T14,437.0
2023-03-30T15,758.0
2023-03-30T16,881.0
2023-03-30T17,1184.0
2023-03-30T18,981.0
2023-03-30T19,750.0
2023-03-30T20,439.0
2023-03-30T21,417.0
2023-03-30T22,348.0
2023-03-30T23,226.0
2023-03-31T00,169.0
2023-03-31T01,72.0
2023-03-31T02,48.0
2023-03-31T03,40.0
2023-03-31T04,77.0
2023-03-31T05,77.0
2023-03-31T06,117.0
2023-03-31T07,449.0
2023-03-31T08,1159.0
2023-03-31T09,519.0
2023-03-31T10,313.0
2023-03-31T11,397.0
2023-03-31T12,437.0
2023-03-31T13,427.0
2023-03-31T14,379.0
2023-03-31T15,607.0
2023-03-31T16,683.0
2023-03-31T17,695.0
2023-03-31T18,538.0
2023-03-31T19,421.0
2023-03-31T20,244.0
2023-03-31T21,199.0
2023-03-31T22,187.0
2023-03-31T23,164.0
2023-04-01T00,95.0
2023-04-01T01,81.0
2023-04-01T02,48.0
2023-04-01T03,41.0
2023-04-01T04,45.0
2023-04-01T05,42.0
2023-04-01T06,62.0
2023-04-01T07,62.0
2023-04-01T08,94.0
2023-04-01T09,143.0
2023-04-01T10,160.0
2023-04-01T11,189.0
2023-04-01T12,224.0
2023-04-01T13,189.0
2023-04-01T14,192.0
2023-04-01T15,198.0
2023-04-01T16,204.0
2023-04-01T17,202.0
2023-04-01T18,172.0
2023-04-01T19,193.0
2023-04-01T20,147.0
2023-04-01T21,116.0
2023-04-01T22,115.0
2023-04-01T23,103.0
2023-04-02T00,82.0
2023-04-02T01,60.0
2023-04-02T02,29.0
2023-04-02T03,18.0
2023-04-02T04,19.0
2023-04-02T05,39.0
2023-04-02T06,40.0
2023-04-02T07,46.0
2023-04-02T08,78.0
2023-04-02T09,184.0
2023-04-02T10,211.0
2023-04-02T11,197.0
2023-04-02T12,249.0
2023-04-02T13,214.0
2023-04-02T14,217.0
2023-04-02T15,155.0
2023-04-02T16,179.0
2023-04-02T17,290.0
2023-04-02T18,271.0
2023-04-02T19,230.0
2023-04-02T20,182.0
2023-04-02T21,84.0
2023-04-02T22,32.0
2023-04-02T23,64.0
2023-04-03T00,47.0
2023-04-03T01,23.0
2023-04-03T02,10.0
2023-04-03T03,1.0
2023-04-03T04,26.0
2023-04-03T05,60.0
2023-04-03T06,141.0
2023-04-03T07,433.0
2023-04-03T08,626.0
2023-04-03T09,399.0
2023-04-03T10,205.0
2023-04-03T11,239.0
2023-04-03T12,284.0
2023-04-03T13,302.0
2023-04-03T14,300.0
2023-04-03T15,345.0
2023-04-03T16,519.0
2023-04-03T17,813.0
2023-04-03T18,611.0
2023-04-03T19,385.0
2023-04-03T20,247.0
2023-04-03T21,107.0
2023-04-03T22,23.0
2023-04-03T23,38.0
2023-04-04T00,37.0
2023-04-04T01,20.0
2023-04-04T02,5.0
2023-04-04T03,5.0
2023-04-04T04,22.0
2023-04-04T05,43.0
2023-04-04T06,147.0
2023-04-04T07,465.0
2023-04-04T08,736.0
2023-04-04T09,355.0
2023-04-04T10,256.0
2023-04-04T11,274.0
2023-04-04T12,310.0
2023-04-04T13,302.0
2023-04-04T14,294.0
2023-04-04T15,352.0
2023-04-04T16,594.0
2023-04-04T17,863.0
2023-04-04T18,696.0
2023-04-04T19,400.0
2023-04-04T20,260.0
2023-04-04T21,209.0
2023-04-04T22,128.0
2023-04-04T23,34.0
2023-04-05T00,47.0
2023-04-05T01,25.0
2023-04-05T02,13.0
2023-04-05T03,9.0
2023-04-05T04,28.0
2023-04-05T05,41.0
2023-04-05T06,150.0
2023-04-05T07,421.0
2023-04-05T08,616.0
2023-04-05T09,369.0
2023-04-05T10,250.0
2023-04-05T11,242.0
2023-04-05T12,330.0
2023-04-05T13,391.0
2023-04-05T14,373.0
2023-04-05T15,372.0
2023-04-05T16,594.0
2023-04-05T17,838.0
2023-04-05T18,663.0
2023-04-05T19,448.0
2023-04-05T20,273.0
2023-04-05T21,210.0
2023-04-05T22,182.0
2023-04-05T23,130.0
2023-04-06T00,0.0
2023-04-06T01,0.0
2023-04-06T02,0.0
2023-04-06T03,0.0
2023-04-06T04,0.0
2023-04-06T05,0.0
2023-04-06T06,0.0
2023-04-06T07,0.0
2023-04-06T08,0.0
2023-04-06T09,0.0
2023-04-06T10,0.0
2023-04-06T11,0.0
2023-04-06T12,0.0
2023-04-06T13,0.0
2023-04-06T14,0.0
2023-04-06T15,0.0
2023-04-06T16,0.0
2023-04-06T17,0.0
2023-04-06T18,0.0
2023-04-06T19,0.0
2023-04-06T20,0.0
2023-04-06T21,0.0
2023-04-06T22,0.0
2023-04-06T23,0.0
2023-04-07T00,0.0
2023-04-07T01,0.0
2023-04-07T02,0.0
2023-04-07T03,0.0
2023-04-07T04,0.0
2023-04-07T05,0.0
2023-04-07T06,0.0
2023-04-07T07,0.0
2023-04-07T08,0.0
2023-04-07T09,0.0
2023-04-07T10,0.0
2023-04-07T11,0.0
2023-04-07T12,0.0
2023-04-07T13,0.0
2023-04-07T14,0.0
2023-04-07T15,0.0
2023-04-07T16,0.0
2023-04-07T17,0.0
2023-04-07T18,0.0
2023-04-07T19,0.0
2023-04-07T20,0.0
2023-04-07T21,0.0
2023-04-07T22,0.0
2023-04-07T23,0.0
2023-04-08T00,0.0
2023-04-08T01,0.0
2023-04-08T02,0.0
2023-04-08T03,0.0
2023-04-08T04,0.0
2023-04-08T05,0.0
2023-04-08T06,0.0
2023-04-08T07,0.0
2023-04-08T08,0.0
2023-04-08T09,0.0
2023-04-08T10,0.0
2023-04-08T11,0.0
2023-04-08T12,0.0
2023-04-08T13,0.0
2023-04-08T14,0.0
2023-04-08T15,0.0
2023-04-08T16,0.0
2023-04-08T17,0.0
2023-04-08T18,0.0
2023-04-08T19,0.0
2023-04-08T20,0.0
2023-04-08T21,0.0
2023-04-08T22,0.0
2023-04-08T23,0.0
2023-04-09T00,0.0
2023-04-09T01,0.0
2023-04-09T02,0.0
2023-04-09T03,0.0
2023-04-09T04,0.0
2023-04-09T05,0.0
2023-04-09T06,0.0
2023-04-09T07,0.0
2023-04-09T08,0.0
2023-04-09T09,0.0
2023-04-09T10,0.0
2023-04-09T11,0.0
2023-04-09T12,0.0
2023-04-09T13,0.0
2023-04-09T14,0.0
2023-04-09T15,0.0
2023-04-09T16,0.0
2023-04-09T17,0.0
2023-04-09T18,0.0
2023-04-09T19,0.0
2023-04-09T20,0.0
2023-04-09T21,0.0
2023-04-09T22,0.0
2023-04-09T23,0.0
2023-04-10T00,0.0
2023-04-10T01,0.0
2023-04-10T02,0.0
2023-04-10T03,0.0
2023-04-10T04,0.0
2023-04-10T05,0.0
2023-04-10T06,0.0
2023-04-10T07,0.0
2023-04-10T08,0.0
2023-04-10T09,0.0
2023-04-10T10,0.0
2023-04-10T11,0.0
2023-04-10T12,0.0
2023-04-10T13,0.0
2023-04-10T14,0.0
2023-04-10T15,0.0
2023-04-10T16,0.0
2023-04-10T17,0.0
2023-04-10T18,0.0
2023-04-10T19,0.0
2023-04-10T20,0.0
2023-04-10T21,0.0
2023-04-10T22,0.0
2023-04-10T23,0.0
2023-04-11T00,0.0
2023-04-11T01,0.0
2023-04-11T02,0.0
2023-04-11T03,0.0
2023-04-11T04,0.0
2023-04-11T05,0.0
2023-04-11T06,0.0
2023-04-11T07,0.0
2023-04-11T08,0.0
2023-04-11T09,0.0
2023-04-11T10,0.0
2023-04-11T11,0.0
2023-04-11T12,0.0
2023-04-11T13,0.0
2023-04-11T14,0.0
2023-04-11T15,0.0
2023-04-11T16,0.0
2023-04-11T17,0.0
2023-04-11T18,0.0
2023-04-11T19,0.0
2023-04-11T20,0.0
2023-04-11T21,0.0
2023-04-11T22,0.0
2023-04-11T23,0.0
2023-04-12T00,0.0
2023-04-12T01,0.0
2023-04-12T02,0.0
2023-04-12T03,0.0
2023-04-12T04,0.0
2023-04-12T05,0.0
2023-04-12T06,0.0
2023-04-12T07,0.0
2023-04-12T08,0.0
2023-04-12T09,0.0
2023-04-12T10,0.0
2023-04-12T11,0.0
2023-04-12T12,0.0
2023-04-12T13,0.0
2023-04-12T14,0.0
2023-04-12T15,0.0
2023-04-12T16,0.0
2023-04-12T17,0.0
2023-04-12T18,0.0
2023-04-12T19,0.0
2023-04-12T20,0.0
2023-04-12T21,0.0
2023-04-12T22,0.0
2023-04-12T23,0.0
2023-04-13T00,0.0
2023-04-13T01,0.0
2023-04-13T02,0.0
2023-04-13T03,0.0
2023-04-13T04,0.0
2023-04-13T05,0.0
2023-04-13T06,0.0
2023-04-13T07,0.0
2023-04-13T08,0.0
2023-04-13T09,0.0
2023-04-13T10,0.0
2023-04-13T11,0.0
2023-04-13T12,0.0
2023-04-13T13,0.0
2023-04-13T14,0.0
2023-04-13T15,0.0
2023-04-13T16,0.0
2023-04-13T17,0.0
2023-04-13T18,0.0
2023-04-13T19,0.0
2023-04-13T20,0.0
2023-04-13T21,0.0
2023-04-13T22,0.0
2023-04-13T23,0.0
2023-04-14T00,0.0
2023-04-14T01,0.0
2023-04-14T02,0.0
2023-04-14T03,0.0
2023-04-14T04,0.0
2023-04-14T05,0.0
2023-04-14T06,0.0
2023-04-14T07,0.0
2023-04-14T08,0.0
2023-04-14T09,0.0
2023-04-14T10,0.0
2023-04-14T11,0.0
2023-04-14T12,0.0
2023-04-14T13,0.0
2023-04-14T14,0.0
2023-04-14T15,0.0
2023-04-14T16,0.0
2023-04-14T17,0.0
2023-04-14T18,0.0
2023-04-14T19,0.0
2023-04-14T20,0.0
2023-04-14T21,0.0
2023-04-14T22,0.0
2023-04-14T23,0.0
2023-04-15T00,0.0
2023-04-15T01,0.0
2023-04-15T02,0.0
2023-04-15T03,0.0
2023-04-15T04,0.0
2023-04-15T05,0.0
2023-04-15T06,0.0
2023-04-15T07,0.0
2023-04-15T08,0.0
2023-04-15T09,0.0
2023-04-15T10,0.0
2023-04-15T11,0.0
2023-04-15T12,0.0
2023-04-15T13,0.0
2023-04-15T14,0.0
2023-04-15T15,0.0
2023-04-15T16,0.0
2023-04-15T17,0.0
2023-04-15T18,0.0
2023-04-15T19,0.0
2023-04-15T20,0.0
2023-04-15T21,0.0
2023-04-15T22,0.0
2023-04-15T23,0.0
2023-04-16T00,0.0
2023-04-16T01,0.0
2023-04-16T02,0.0
2023-04-16T03,0.0
2023-04-16T04,0.0
2023-04-16T05,0.0
2023-04-16T06,0.0
2023-04-16T07,0.0
2023-04-16T08,0.0
2023-04-16T09,0.0
2023-04-16T10,0.0
2023-04-16T11,0.0
2023-04-16T12,0.0
2023-04-16T13,0.0
2023-04-16T14,0.0
2023-04-16T15,0.0
2023-04-16T16,0.0
2023-04-16T17,0.0
2023-04-16T18,0.0
2023-04-16T19,0.0
2023-04-16T20,0.0
2023-04-16T21,0.0
2023-04-16T22,0.0
2023-04-16T23,0.0
2023-04-17T00,0.0
2023-04-17T01,0.0
2023-04-17T02,0.0
2023-04-17T03,0.0
2023-04-17T04,0.0
2023-04-17T05,0.0
2023-04-17T06,0.0
2023-04-17T07,0.0
2023-04-17T08,0.0
2023-04-17T09,0.0
2023-04-17T10,0.0
2023-04-17T11,0.0
2023-04-17T12,0.0
2023-04-17T13,0.0
2023-04-17T14,0.0
2023-04-17T15,0.0
2023-04-17T16,0.0
2023-04-17T17,0.0
2023-04-17T18,0.0
2023-04-17T19,0.0
2023-04-17T20,0.0
2023-04-17T21,0.0
2023-04-17T22,0.0
2023-04-17T23,0.0
2023-04-18T00,0.0
2023-04-18T01,0.0
2023-04-18T02,0.0
2023-04-18T03,0.0
2023-04-18T04,0.0
2023-04-18T05,0.0
2023-04-18T06,0.0
2023-04-18T07,0.0
2023-04-18T08,0.0
2023-04-18T09,0.0
2023-04-18T10,0.0
2023-04-18T11,0.0
2023-04-18T12,0.0
2023-04-18T13,0.0
2023-04-18T14,0.0
2023-04-18T15,0.0
2023-04-18T16,0.0
2023-04-18T17,0.0
2023-04-18T18,0.0
2023-04-18T19,0.0
2023-04-18T20,0.0
2023-04-18T21,0.0
2023-04-18T22,0.0
2023-04-18T23,0.0
2023-04-19T00,116.0
2023-04-19T01,51.0
2023-04-19T02,33.0
2023-04-19T03,16.0
2023-04-19T04,40.0
2023-04-19T05,69.0
2023-04-19T06,164.0
2023-04-19T07,837.0
2023-04-19T08,1789.0
2023-04-19T09,608.0
2023-04-19T10,414.0
2023-04-19T11,614.0
2023-04-19T12,1026.0
2023-04-19T13,701.0
2023-04-19T14,581.0
2023-04-19T15,693.0
2023-04-19T16,927.0
2023-04-19T17,1252.0
2023-04-19T18,1037.0
2023-04-19T19,661.0
2023-04-19T20,470.0
2023-04-19T21,410.0
2023-04-19T22,452.0
2023-04-19T23,320.0
2023-04-20T00,146.0
2023-04-20T01,96.0
2023-04-20T02,54.0
2023-04-20T03,56.0
2023-04-20T04,58.0
2023-04-20T05,78.0
2023-04-20T06,177.0
2023-04-20T07,908.0
2023-04-20T08,1754.0
2023-04-20T09,685.0
2023-04-20T10,413.0
2023-04-20T11,462.0
2023-04-20T12,554.0
2023-04-20T13,580.0
2023-04-20T14,476.0
2023-04-20T15,763.0
2023-04-20T16,1058.0
2023-04-20T17,1239.0
2023-04-20T18,994.0
2023-04-20T19,620.0
2023-04-20T20,440.0
2023-04-20T21,338.0
2023-04-20T22,399.0
2023-04-20T23,282.0
2023-04-21T00,133.0
2023-04-21T01,88.0
2023-04-21T02,50.0
2023-04-21T03,47.0
2023-04-21T04,46.0
2023-04-21T05,64.0
2023-04-21T06,142.0
2023-04-21T07,676.0
2023-04-21T08,1561.0
2023-04-21T09,596.0
2023-04-21T10,388.0
2023-04-21T11,474.0
2023-04-21T12,611.0
2023-04-21T13,570.0
2023-04-21T14,485.0
2023-04-21T15,776.0
2023-04-21T16,929.0
2023-04-21T17,968.0
2023-04-21T18,738.0
2023-04-21T19,333.0
2023-04-21T20,267.0
2023-04-21T21,187.0
2023-04-21T22,232.0
2023-04-21T23,158.0
2023-04-22T00,121.0
2023-04-22T01,85.0
2023-04-22T02,39.0
2023-04-22T03,38.0
2023-04-22T04,39.0
2023-04-22T05,22.0
2023-04-22T06,49.0
2023-04-22T07,79.0
2023-04-22T08,156.0
2023-04-22T09,289.0
2023-04-22T10,282.0
2023-04-22T11,249.0
2023-04-22T12,252.0
2023-04-22T13,315.0
2023-04-22T14,299.0
2023-04-22T15,297.0
2023-04-22T16,288.0
2023-04-22T17,331.0
2023-04-22T18,311.0
2023-04-22T19,228.0
2023-04-22T20,196.0
2023-04-22T21,178.0
2023-04-22T22,161.0
2023-04-22T23,150.0
2023-04-23T00,120.0
2023-04-23T01,84.0
2023-04-23T02,63.0
2023-04-23T03,42.0
2023-04-23T04,33.0
2023-04-23T05,33.0
2023-04-23T06,43.0
2023-04-23T07,62.0
2023-04-23T08,93.0
2023-04-23T09,191.0
2023-04-23T10,261.0
2023-04-23T11,297.0
2023-04-23T12,267.0
2023-04-23T13,262.0
2023-04-23T14,242.0
2023-04-23T15,217.0
2023-04-23T16,186.0
2023-04-23T17,375.0
2023-04-23T18,260.0
2023-04-23T19,216.0
2023-04-23T20,228.0
2023-04-23T21,262.0
2023-04-23T22,190.0
2023-04-23T23,94.0
2023-04-24T00,41.0
2023-04-24T01,29.0
2023-04-24T02,9.0
2023-04-24T03,8.0
2023-04-24T04,30.0
2023-04-24T05,60.0
2023-04-24T06,145.0
2023-04-24T07,713.0
2023-04-24T08,1602.0
2023-04-24T09,582.0
2023-04-24T10,333.0
2023-04-24T11,383.0
2023-04-24T12,548.0
2023-04-24T13,503.0
2023-04-24T14,450.0
2023-04-24T15,759.0
2023-04-24T16,1031.0
2023-04-24T17,1253.0
2023-04-24T18,876.0
2023-04-24T19,587.0
2023-04-24T20,368.0
2023-04-24T21,333.0
2023-04-24T22,278.0
2023-04-24T23,188.0
2023-04-25T00,154.0
2023-04-25T01,49.0
2023-04-25T02,28.0
2023-04-25T03,13.0
2023-04-25T04,29.0
2023-04-25T05,76.0
2023-04-25T06,185.0
2023-04-25T07,959.0
2023-04-25T08,1821.0
2023-04-25T09,626.0
2023-04-25T10,396.0
2023-04-25T11,433.0
2023-04-25T12,616.0
2023-04-25T13,556.0
2023-04-25T14,445.0
2023-04-25T15,760.0
2023-04-25T16,1176.0
2023-04-25T17,1379.0
2023-04-25T18,1038.0
2023-04-25T19,647.0
2023-04-25T20,385.0
2023-04-25T21,411.0
2023-04-25T22,294.0
2023-04-25T23,227.0
2023-04-26T00,99.0
2023-04-26T01,53.0
2023-04-26T02,28.0
2023-04-26T03,26.0
2023-04-26T04,35.0
2023-04-26T05,71.0
2023-04-26T06,177.0
2023-04-26T07,768.0
2023-04-26T08,1700.0
2023-04-26T09,663.0
2023-04-26T10,406.0
2023-04-26T11,569.0
2023-04-26T12,984.0
2023-04-26T13,622.0
2023-04-26T14,539.0
2023-04-26T15,560.0
2023-04-26T16,814.0
2023-04-26T17,1154.0
2023-04-26T18,950.0
2023-04-26T19,626.0
2023-04-26T20,481.0
2023-04-26T21,408.0
2023-04-26T22,364.0
2023-04-26T23,254.0
2023-04-27T00,190.0
2023-04-27T01,97.0
2023-04-27T02,52.0
2023-04-27T03,61.0
2023-04-27T04,45.0
2023-04-27T05,95.0
2023-04-27T06,195.0
2023-04-27T07,869.0
2023-04-27T08,1825.0
2023-04-27T09,634.0
2023-04-27T10,427.0
2023-04-27T11,464.0
2023-04-27T12,574.0
2023-04-27T13,521.0
2023-04-27T14,514.0
2023-04-27T15,814.0
2023-04-27T16,1114.0
2023-04-27T17,1361.0
2023-04-27T18,1069.0
2023-04-27T19,636.0
2023-04-27T20,419.0
2023-04-27T21,357.0
2023-04-27T22,353.0
2023-04-27T23,289.0
2023-04-28T00,105.0
2023-04-28T01,76.0
2023-04-28T02,57.0
2023-04-28T03,29.0
2023-04-28T04,46.0
2023-04-28T05,79.0
2023-04-28T06,160.0
2023-04-28T07,676.0
2023-04-28T08,1515.0
2023-04-28T09,580.0
2023-04-28T10,421.0
2023-04-28T11,483.0
2023-04-28T12,577.0
2023-04-28T13,536.0
2023-04-28T14,432.0
2023-04-28T15,809.0
2023-04-28T16,959.0
2023-04-28T17,917.0
2023-04-28T18,669.0
2023-04-28T19,534.0
2023-04-28T20,345.0
2023-04-28T21,224.0
2023-04-28T22,232.0
2023-04-28T23,220.0
2023-04-29T00,162.0
2023-04-29T01,113.0
2023-04-29T02,48.0
2023-04-29T03,51.0
2023-04-29T04,34.0
2023-04-29T05,35.0
2023-04-29T06,50.0
2023-04-29T07,94.0
2023-04-29T08,150.0
2023-04-29T09,235.0
2023-04-29T10,278.0
2023-04-29T11,324.0
2023-04-29T12,329.0
2023-04-29T13,363.0
2023-04-29T14,360.0
2023-04-29T15,366.0
2023-04-29T16,369.0
2023-04-29T17,389.0
2023-04-29T18,359.0
2023-04-29T19,342.0
2023-04-29T20,190.0
2023-04-29T21,188.0
2023-04-29T22,212.0
2023-04-29T23,157.0
2023-04-30T00,134.0
2023-04-30T01,93.0
2023-04-30T02,64.0
2023-04-30T03,59.0
2023-04-30T04,71.0
2023-04-30T05,75.0
2023-04-30T06,46.0
2023-04-30T07,64.0
2023-04-30T08,84.0
2023-04-30T09,218.0
2023-04-30T10,298.0
2023-04-30T11,289.0
2023-04-30T12,347.0
2023-04-30T13,293.0
2023-04-30T14,374.0
2023-04-30T15,349.0
2023-04-30T16,291.0
2023-04-30T17,376.0
2023-04-30T18,339.0
2023-04-30T19,314.0
2023-04-30T20,221.0
2023-04-30T21,205.0
2023-04-30T22,185.0
2023-04-30T23,148.0
2023-05-01T00,146.0
2023-05-01T01,76.0
2023-05-01T02,61.0
2023-05-01T03,32.0
2023-05-01T04,49.0
2023-05-01T05,64.0
2023-05-01T06,46.0
2023-05-01T07,77.0
2023-05-01T08,93.0
2023-05-01T09,130.0
2023-05-01T10,218.0
2023-05-01T11,221.0
2023-05-01T12,292.0
2023-05-01T13,290.0
2023-05-01T14,309.0
2023-05-01T15,348.0
2023-05-01T16,325.0
2023-05-01T17,360.0
2023-05-01T18,392.0
2023-05-01T19,349.0
2023-05-01T20,274.0
2023-05-01T21,270.0
2023-05-01T22,209.0
2023-05-01T23,104.0
2023-05-02T00,71.0
2023-05-02T01,28.0
2023-05-02T02,14.0
2023-05-02T03,7.0
2023-05-02T04,35.0
2023-05-02T05,78.0
2023-05-02T06,165.0
2023-05-02T07,877.0
2023-05-02T08,1744.0
2023-05-02T09,656.0
2023-05-02T10,395.0
2023-05-02T11,439.0
2023-05-02T12,673.0
2023-05-02T13,591.0
2023-05-02T14,474.0
2023-05-02T15,821.0
2023-05-02T16,1128.0
2023-05-02T17,1325.0
2023-05-02T18,1083.0
2023-05-02T19,685.0
2023-05-02T20,405.0
2023-05-02T21,389.0
2023-05-02T22,359.0
2023-05-02T23,211.0
2023-05-03T00,100.0
2023-05-03T01,54.0
2023-05-03T02,26.0
2023-05-03T03,18.0
2023-05-03T04,44.0
2023-05-03T05,76.0
2023-05-03T06,176.0
2023-05-03T07,854.0
2023-05-03T08,1771.0
2023-05-03T09,658.0
2023-05-03T10,413.0
2023-05-03T11,565.0
2023-05-03T12,992.0
2023-05-03T13,678.0
2023-05-03T14,590.0
2023-05-03T15,674.0
2023-05-03T16,863.0
2023-05-03T17,1171.0
2023-05-03T18,990.0
2023-05-03T19,677.0
2023-05-03T20,456.0
2023-05-03T21,392.0
2023-05-03T22,379.0
2023-05-03T23,242.0
2023-05-04T00,129.0
2023-05-04T01,58.0
2023-05-04T02,17.0
2023-05-04T03,28.0
2023-05-04T04,49.0
2023-05-04T05,83.0
2023-05-04T06,209.0
2023-05-04T07,944.0
2023-05-04T08,1903.0
2023-05-04T09,675.0
2023-05-04T10,407.0
2023-05-04T11,489.0
2023-05-04T12,710.0
2023-05-04T13,610.0
2023-05-04T14,569.0
2023-05-04T15,853.0
2023-05-04T16,1201.0
2023-05-04T17,1415.0
2023-05-04T18,1128.0
2023-05-04T19,705.0
2023-05-04T20,468.0
2023-05-04T21,433.0
2023-05-04T22,372.0
2023-05-04T23,287.0
2023-05-05T00,139.0
2023-05-05T01,74.0
2023-05-05T02,50.0
2023-05-05T03,31.0
2023-05-05T04,53.0
2023-05-05T05,77.0
2023-05-05T06,158.0
2023-05-05T07,754.0
2023-05-05T08,1570.0
2023-05-05T09,603.0
2023-05-05T10,420.0
2023-05-05T11,458.0
2023-05-05T12,558.0
2023-05-05T13,457.0
2023-05-05T14,459.0
2023-05-05T15,771.0
2023-05-05T16,963.0
2023-05-05T17,934.0
2023-05-05T18,768.0
2023-05-05T19,505.0
2023-05-05T20,317.0
2023-05-05T21,268.0
2023-05-05T22,226.0
2023-05-05T23,241.0
2023-05-06T00,149.0
2023-05-06T01,109.0
2023-05-06T02,70.0
2023-05-06T03,32.0
2023-05-06T04,44.0
2023-05-06T05,50.0
2023-05-06T06,72.0
2023-05-06T07,89.0
2023-05-06T08,194.0
2023-05-06T09,280.0
2023-05-06T10,343.0
2023-05-06T11,388.0
2023-05-06T12,425.0
2023-05-06T13,417.0
2023-05-06T14,413.0
2023-05-06T15,415.0
2023-05-06T16,342.0
2023-05-06T17,371.0
2023-05-06T18,391.0
2023-05-06T19,322.0
2023-05-06T20,237.0
2023-05-06T21,191.0
2023-05-06T22,215.0
2023-05-06T23,204.0
2023-05-07T00,149.0
2023-05-07T01,78.0
2023-05-07T02,58.0
2023-05-07T03,54.0
2023-05-07T04,33.0
2023-05-07T05,36.0
2023-05-07T06,64.0
2023-05-07T07,51.0
2023-05-07T08,55.0
2023-05-07T09,117.0
2023-05-07T10,141.0
2023-05-07T11,154.0
2023-05-07T12,183.0
2023-05-07T13,229.0
2023-05-07T14,254.0
2023-05-07T15,297.0
2023-05-07T16,256.0
2023-05-07T17,266.0
2023-05-07T18,295.0
2023-05-07T19,275.0
2023-05-07T20,205.0
2023-05-07T21,228.0
2023-05-07T22,194.0
2023-05-07T23,95.0
2023-05-08T00,51.0
2023-05-08T01,20.0
2023-05-08T02,13.0
2023-05-08T03,9.0
2023-05-08T04,27.0
2023-05-08T05,76.0
2023-05-08T06,191.0
2023-05-08T07,843.0
2023-05-08T08,1710.0
2023-05-08T09,638.0
2023-05-08T10,345.0
2023-05-08T11,399.0
2023-05-08T12,608.0
2023-05-08T13,539.0
2023-05-08T14,489.0
2023-05-08T15,788.0
2023-05-08T16,1083.0
2023-05-08T17,1265.0
2023-05-08T18,915.0
2023-05-08T19,519.0
2023-05-08T20,394.0
2023-05-08T21,346.0
2023-05-08T22,234.0
2023-05-08T23,182.0
2023-05-09T00,68.0
2023-05-09T01,34.0
2023-05-09T02,18.0
2023-05-09T03,18.0
2023-05-09T04,25.0
2023-05-09T05,60.0
2023-05-09T06,172.0
2023-05-09T07,775.0
2023-05-09T08,1636.0
2023-05-09T09,606.0
2023-05-09T10,293.0
2023-05-09T11,339.0
2023-05-09T12,478.0
2023-05-09T13,345.0
2023-05-09T14,315.0
2023-05-09T15,571.0
2023-05-09T16,856.0
2023-05-09T17,1101.0
2023-05-09T18,790.0
2023-05-09T19,525.0
2023-05-09T20,331.0
2023-05-09T21,323.0
2023-05-09T22,250.0
2023-05-09T23,197.0
2023-05-10T00,78.0
2023-05-10T01,46.0
2023-05-10T02,44.0
2023-05-10T03,12.0
2023-05-10T04,29.0
2023-05-10T05,69.0
2023-05-10T06,168.0
2023-05-10T07,725.0
2023-05-10T08,1544.0
2023-05-10T09,684.0
2023-05-10T10,397.0
2023-05-10T11,488.0
2023-05-10T12,935.0
2023-05-10T13,543.0
2023-05-10T14,453.0
2023-05-10T15,477.0
2023-05-10T16,772.0
2023-05-10T17,1025.0
2023-05-10T18,809.0
2023-05-10T19,614.0
2023-05-10T20,400.0
2023-05-10T21,332.0
2023-05-10T22,290.0
2023-05-10T23,242.0
2023-05-11T00,126.0
2023-05-11T01,58.0
2023-05-11T02,28.0
2023-05-11T03,29.0
2023-05-11T04,38.0
2023-05-11T05,87.0
2023-05-11T06,186.0
2023-05-11T07,866.0
2023-05-11T08,1700.0
2023-05-11T09,632.0
2023-05-11T10,446.0
2023-05-11T11,470.0
2023-05-11T12,606.0
2023-05-11T13,540.0
2023-05-11T14,387.0
2023-05-11T15,677.0
2023-05-11T16,995.0
2023-05-11T17,1216.0
2023-05-11T18,876.0
2023-05-11T19,636.0
2023-05-11T20,410.0
2023-05-11T21,360.0
2023-05-11T22,307.0
2023-05-11T23,245.0
2023-05-12T00,113.0
2023-05-12T01,81.0
2023-05-12T02,37.0
2023-05-12T03,29.0
2023-05-12T04,37.0
2023-05-12T05,77.0
2023-05-12T06,167.0
2023-05-12T07,590.0
2023-05-12T08,1147.0
2023-05-12T09,463.0
2023-05-12T10,299.0
2023-05-12T11,343.0
2023-05-12T12,521.0
2023-05-12T13,423.0
2023-05-12T14,421.0
2023-05-12T15,671.0
2023-05-12T16,844.0
2023-05-12T17,860.0
2023-05-12T18,610.0
2023-05-12T19,434.0
2023-05-12T20,299.0
2023-05-12T21,236.0
2023-05-12T22,216.0
2023-05-12T23,191.0
2023-05-13T00,115.0
2023-05-13T01,82.0
2023-05-13T02,41.0
2023-05-13T03,33.0
2023-05-13T04,33.0
2023-05-13T05,44.0
2023-05-13T06,48.0
2023-05-13T07,99.0
2023-05-13T08,173.0
2023-05-13T09,270.0
2023-05-13T10,360.0
2023-05-13T11,364.0
2023-05-13T12,374.0
2023-05-13T13,435.0
2023-05-13T14,449.0
2023-05-13T15,430.0
2023-05-13T16,383.0
2023-05-13T17,446.0
2023-05-13T18,399.0
2023-05-13T19,350.0
2023-05-13T20,251.0
2023-05-13T21,210.0
2023-05-13T22,177.0
2023-05-13T23,161.0
2023-05-14T00,111.0
2023-05-14T01,122.0
2023-05-14T02,51.0
2023-05-14T03,30.0
2023-05-14T04,34.0
2023-05-14T05,32.0
2023-05-14T06,47.0
2023-05-14T07,46.0
2023-05-14T08,112.0
2023-05-14T09,194.0
2023-05-14T10,270.0
2023-05-14T11,287.0
2023-05-14T12,295.0
2023-05-14T13,279.0
2023-05-14T14,362.0
2023-05-14T15,324.0
2023-05-14T16,304.0
2023-05-14T17,282.0
2023-05-14T18,339.0
2023-05-14T19,275.0
2023-05-14T20,307.0
2023-05-14T21,233.0
2023-05-14T22,174.0
2023-05-14T23,88.0
2023-05-15T00,54.0
2023-05-15T01,27.0
2023-05-15T02,10.0
2023-05-15T03,13.0
2023-05-15T04,25.0
2023-05-15T05,62.0
2023-05-15T06,152.0
2023-05-15T07,754.0
2023-05-15T08,1586.0
2023-05-15T09,618.0
2023-05-15T10,393.0
2023-05-15T11,397.0
2023-05-15T12,496.0
2023-05-15T13,402.0
2023-05-15T14,366.0
2023-05-15T15,620.0
2023-05-15T16,872.0
2023-05-15T17,1095.0
2023-05-15T18,753.0
2023-05-15T19,478.0
2023-05-15T20,302.0
2023-05-15T21,288.0
2023-05-15T22,234.0
2023-05-15T23,157.0
2023-05-16T00,68.0
2023-05-16T01,30.0
2023-05-16T02,17.0
2023-05-16T03,13.0
2023-05-16T04,29.0
2023-05-16T05,71.0
2023-05-16T06,189.0
2023-05-16T07,863.0
2023-05-16T08,1754.0
2023-05-16T09,633.0
2023-05-16T10,405.0
2023-05-16T11,450.0
2023-05-16T12,570.0
2023-05-16T13,534.0
2023-05-16T14,471.0
2023-05-16T15,708.0
2023-05-16T16,1052.0
2023-05-16T17,1339.0
2023-05-16T18,1031.0
2023-05-16T19,583.0
2023-05-16T20,360.0
2023-05-16T21,338.0
2023-05-16T22,290.0
2023-05-16T23,201.0
2023-05-17T00,114.0
2023-05-17T01,32.0
2023-05-17T02,29.0
2023-05-17T03,17.0
2023-05-17T04,33.0
2023-05-17T05,74.0
2023-05-17T06,167.0
2023-05-17T07,690.0
2023-05-17T08,1572.0
2023-05-17T09,592.0
2023-05-17T10,416.0
2023-05-17T11,550.0
2023-05-17T12,839.0
2023-05-17T13,592.0
2023-05-17T14,482.0
2023-05-17T15,625.0
2023-05-17T16,794.0
2023-05-17T17,1068.0
2023-05-17T18,818.0
2023-05-17T19,579.0
2023-05-17T20,384.0
2023-05-17T21,321.0
2023-05-17T22,273.0
2023-05-17T23,222.0
2023-05-18T00,145.0
2023-05-18T01,100.0
2023-05-18T02,51.0
2023-05-18T03,32.0
2023-05-18T04,29.0
2023-05-18T05,48.0
2023-05-18T06,77.0
2023-05-18T07,73.0
2023-05-18T08,127.0
2023-05-18T09,235.0
2023-05-18T10,269.0
2023-05-18T11,279.0
2023-05-18T12,288.0
2023-05-18T13,291.0
2023-05-18T14,317.0
2023-05-18T15,349.0
2023-05-18T16,409.0
2023-05-18T17,433.0
2023-05-18T18,378.0
2023-05-18T19,333.0
2023-05-18T20,276.0
2023-05-18T21,192.0
2023-05-18T22,220.0
2023-05-18T23,149.0
2023-05-19T00,93.0
2023-05-19T01,46.0
2023-05-19T02,27.0
2023-05-19T03,20.0
2023-05-19T04,29.0
2023-05-19T05,55.0
2023-05-19T06,81.0
2023-05-19T07,182.0
2023-05-19T08,249.0
2023-05-19T09,269.0
2023-05-19T10,316.0
2023-05-19T11,338.0
2023-05-19T12,339.0
2023-05-19T13,361.0
2023-05-19T14,405.0
2023-05-19T15,396.0
2023-05-19T16,431.0
2023-05-19T17,460.0
2023-05-19T18,415.0
2023-05-19T19,399.0
2023-05-19T20,235.0
2023-05-19T21,207.0
2023-05-19T22,207.0
2023-05-19T23,146.0
2023-05-20T00,139.0
2023-05-20T01,75.0
2023-05-20T02,39.0
2023-05-20T03,18.0
2023-05-20T04,32.0
2023-05-20T05,43.0
2023-05-20T06,67.0
2023-05-20T07,86.0
2023-05-20T08,119.0
2023-05-20T09,229.0
2023-05-20T10,286.0
2023-05-20T11,353.0
2023-05-20T12,342.0
2023-05-20T13,358.0
2023-05-20T14,325.0
2023-05-20T15,375.0
2023-05-20T16,365.0
2023-05-20T17,353.0
2023-05-20T18,338.0
2023-05-20T19,308.0
2023-05-20T20,282.0
2023-05-20T21,168.0
2023-05-20T22,173.0
2023-05-20T23,231.0
2023-05-21T00,112.0
2023-05-21T01,67.0
2023-05-21T02,40.0
2023-05-21T03,22.0
2023-05-21T04,15.0
2023-05-21T05,23.0
2023-05-21T06,51.0
2023-05-21T07,54.0
2023-05-21T08,114.0
2023-05-21T09,362.0
2023-05-21T10,323.0
2023-05-21T11,334.0
2023-05-21T12,424.0
2023-05-21T13,308.0
2023-05-21T14,358.0
2023-05-21T15,304.0
2023-05-21T16,293.0
2023-05-21T17,316.0
2023-05-21T18,320.0
2023-05-21T19,293.0
2023-05-21T20,257.0
2023-05-21T21,212.0
2023-05-21T22,162.0
2023-05-21T23,76.0
2023-05-22T00,40.0
2023-05-22T01,13.0
2023-05-22T02,9.0
2023-05-22T03,7.0
2023-05-22T04,25.0
2023-05-22T05,77.0
2023-05-22T06,178.0
2023-05-22T07,853.0
2023-05-22T08,1648.0
2023-05-22T09,532.0
2023-05-22T10,383.0
2023-05-22T11,358.0
2023-05-22T12,521.0
2023-05-22T13,450.0
2023-05-22T14,429.0
2023-05-22T15,724.0
2023-05-22T16,965.0
2023-05-22T17,1093.0
2023-05-22T18,854.0
2023-05-22T19,467.0
2023-05-22T20,327.0
2023-05-22T21,256.0
2023-05-22T22,249.0
2023-05-22T23,135.0
2023-05-23T00,44.0
2023-05-23T01,23.0
2023-05-23T02,9.0
2023-05-23T03,8.0
2023-05-23T04,29.0
2023-05-23T05,77.0
2023-05-23T06,213.0
2023-05-23T07,900.0
2023-05-23T08,1693.0
2023-05-23T09,574.0
2023-05-23T10,355.0
2023-05-23T11,349.0
2023-05-23T12,527.0
2023-05-23T13,426.0
2023-05-23T14,375.0
2023-05-23T15,641.0
2023-05-23T16,1010.0
2023-05-23T17,1223.0
2023-05-23T18,913.0
2023-05-23T19,524.0
2023-05-23T20,339.0
2023-05-23T21,304.0
2023-05-23T22,292.0
2023-05-23T23,180.0
2023-05-24T00,54.0
2023-05-24T01,30.0
2023-05-24T02,9.0
2023-05-24T03,7.0
2023-05-24T04,23.0
2023-05-24T05,75.0
2023-05-24T06,185.0
2023-05-24T07,778.0
2023-05-24T08,1395.0
2023-05-24T09,511.0
2023-05-24T10,365.0
2023-05-24T11,355.0
2023-05-24T12,842.0
2023-05-24T13,607.0
2023-05-24T14,430.0
2023-05-24T15,510.0
2023-05-24T16,702.0
2023-05-24T17,983.0
2023-05-24T18,814.0
2023-05-24T19,539.0
2023-05-24T20,360.0
2023-05-24T21,313.0
2023-05-24T22,283.0
2023-05-24T23,190.0
2023-05-25T00,81.0
2023-05-25T01,20.0
2023-05-25T02,13.0
2023-05-25T03,15.0
2023-05-25T04,33.0
2023-05-25T05,84.0
2023-05-25T06,196.0
2023-05-25T07,858.0
2023-05-25T08,1609.0
2023-05-25T09,525.0
2023-05-25T10,400.0
2023-05-25T11,352.0
2023-05-25T12,435.0
2023-05-25T13,448.0
2023-05-25T14,472.0
2023-05-25T15,691.0
2023-05-25T16,1031.0
2023-05-25T17,1156.0
2023-05-25T18,873.0
2023-05-25T19,596.0
2023-05-25T20,319.0
2023-05-25T21,342.0
2023-05-25T22,343.0
2023-05-25T23,180.0
2023-05-26T00,80.0
2023-05-26T01,27.0
2023-05-26T02,17.0
2023-05-26T03,8.0
2023-05-26T04,36.0
2023-05-26T05,62.0
2023-05-26T06,161.0
2023-05-26T07,667.0
2023-05-26T08,1360.0
2023-05-26T09,547.0
2023-05-26T10,393.0
2023-05-26T11,395.0
2023-05-26T12,478.0
2023-05-26T13,447.0
2023-05-26T14,421.0
2023-05-26T15,791.0
2023-05-26T16,901.0
2023-05-26T17,1016.0
2023-05-26T18,648.0
2023-05-26T19,468.0
2023-05-26T20,326.0
2023-05-26T21,237.0
2023-05-26T22,297.0
2023-05-26T23,196.0
2023-05-27T00,168.0
2023-05-27T01,91.0
2023-05-27T02,39.0
2023-05-27T03,26.0
2023-05-27T04,31.0
2023-05-27T05,38.0
2023-05-27T06,52.0
2023-05-27T07,78.0
2023-05-27T08,159.0
2023-05-27T09,276.0
2023-05-27T10,294.0
2023-05-27T11,343.0
2023-05-27T12,419.0
2023-05-27T13,406.0
2023-05-27T14,389.0
2023-05-27T15,389.0
2023-05-27T16,314.0
2023-05-27T17,466.0
2023-05-27T18,383.0
2023-05-27T19,364.0
2023-05-27T20,244.0
2023-05-27T21,189.0
2023-05-27T22,230.0
2023-05-27T23,207.0
2023-05-28T00,177.0
2023-05-28T01,128.0
2023-05-28T02,43.0
2023-05-28T03,45.0
2023-05-28T04,36.0
2023-05-28T05,42.0
2023-05-28T06,48.0
2023-05-28T07,83.0
2023-05-28T08,145.0
2023-05-28T09,184.0
2023-05-28T10,321.0
2023-05-28T11,431.0
2023-05-28T12,402.0
2023-05-28T13,386.0
2023-05-28T14,417.0
2023-05-28T15,461.0
2023-05-28T16,370.0
2023-05-28T17,440.0
2023-05-28T18,420.0
2023-05-28T19,370.0
2023-05-28T20,274.0
2023-05-28T21,232.0
2023-05-28T22,217.0
2023-05-28T23,122.0
2023-05-29T00,127.0
2023-05-29T01,66.0
2023-05-29T02,26.0
2023-05-29T03,14.0
2023-05-29T04,16.0
2023-05-29T05,26.0
2023-05-29T06,43.0
2023-05-29T07,43.0
2023-05-29T08,109.0
2023-05-29T09,182.0
2023-05-29T10,209.0
2023-05-29T11,271.0
2023-05-29T12,317.0
2023-05-29T13,305.0
2023-05-29T14,397.0
2023-05-29T15,327.0
2023-05-29T16,323.0
2023-05-29T17,346.0
2023-05-29T18,343.0
2023-05-29T19,276.0
2023-05-29T20,304.0
2023-05-29T21,211.0
2023-05-29T22,205.0
2023-05-29T23,109.0
2023-05-30T00,40.0
2023-05-30T01,32.0
2023-05-30T02,13.0
2023-05-30T03,11.0
2023-05-30T04,25.0
2023-05-30T05,93.0
2023-05-30T06,174.0
2023-05-30T07,811.0
2023-05-30T08,1559.0
2023-05-30T09,513.0
2023-05-30T10,366.0
2023-05-30T11,379.0
2023-05-30T12,559.0
2023-05-30T13,426.0
2023-05-30T14,471.0
2023-05-30T15,705.0
2023-05-30T16,975.0
2023-05-30T17,1180.0
2023-05-30T18,841.0
2023-05-30T19,505.0
2023-05-30T20,336.0
2023-05-30T21,316.0
2023-05-30T22,272.0
2023-05-30T23,149.0
2023-05-31T00,57.0
2023-05-31T01,26.0
2023-05-31T02,6.0
2023-05-31T03,12.0
2023-05-31T04,25.0
2023-05-31T05,83.0
2023-05-31T06,173.0
2023-05-31T07,766.0
2023-05-31T08,1401.0
2023-05-31T09,551.0
2023-05-31T10,352.0
2023-05-31T11,447.0
2023-05-31T12,944.0
2023-05-31T13,574.0
2023-05-31T14,465.0
2023-05-31T15,450.0
2023-05-31T16,741.0
2023-05-31T17,950.0
2023-05-31T18,817.0
2023-05-31T19,564.0
2023-05-31T20,381.0
2023-05-31T21,355.0
2023-05-31T22,301.0
2023-05-31T23,181.0
2023-06-01T00,74.0
2023-06-01T01,40.0
2023-06-01T02,11.0
2023-06-01T03,7.0
2023-06-01T04,38.0
2023-06-01T05,93.0
2023-06-01T06,201.0
2023-06-01T07,902.0
2023-06-01T08,1589.0
2023-06-01T09,524.0
2023-06-01T10,386.0
2023-06-01T11,392.0
2023-06-01T12,598.0
2023-06-01T13,498.0
2023-06-01T14,495.0
2023-06-01T15,805.0
2023-06-01T16,1094.0
2023-06-01T17,1192.0
2023-06-01T18,885.0
2023-06-01T19,568.0
2023-06-01T20,442.0
2023-06-01T21,345.0
2023-06-01T22,320.0
2023-06-01T23,208.0
2023-06-02T00,95.0
2023-06-02T01,31.0
2023-06-02T02,19.0
2023-06-02T03,13.0
2023-06-02T04,26.0
2023-06-02T05,87.0
2023-06-02T06,167.0
2023-06-02T07,729.0
2023-06-02T08,1441.0
2023-06-02T09,483.0
2023-06-02T10,378.0
2023-06-02T11,409.0
2023-06-02T12,547.0
2023-06-02T13,460.0
2023-06-02T14,482.0
2023-06-02T15,811.0
2023-06-02T16,1031.0
2023-06-02T17,913.0
2023-06-02T18,732.0
2023-06-02T19,474.0
2023-06-02T20,320.0
2023-06-02T21,272.0
2023-06-02T22,223.0
2023-06-02T23,189.0
2023-06-03T00,165.0
2023-06-03T01,73.0
2023-06-03T02,53.0
2023-06-03T03,30.0
2023-06-03T04,29.0
2023-06-03T05,34.0
2023-06-03T06,57.0
2023-06-03T07,106.0
2023-06-03T08,251.0
2023-06-03T09,281.0
2023-06-03T10,347.0
2023-06-03T11,386.0
2023-06-03T12,478.0
2023-06-03T13,485.0
2023-06-03T14,422.0
2023-06-03T15,486.0
2023-06-03T16,438.0
2023-06-03T17,449.0
2023-06-03T18,433.0
2023-06-03T19,390.0
2023-06-03T20,283.0
2023-06-03T21,226.0
2023-06-03T22,212.0
2023-06-03T23,234.0
2023-06-04T00,137.0
2023-06-04T01,82.0
2023-06-04T02,57.0
2023-06-04T03,25.0
2023-06-04T04,18.0
2023-06-04T05,29.0
2023-06-04T06,46.0
2023-06-04T07,55.0
2023-06-04T08,141.0
2023-06-04T09,214.0
2023-06-04T10,337.0
2023-06-04T11,352.0
2023-06-04T12,365.0
2023-06-04T13,379.0
2023-06-04T14,437.0
2023-06-04T15,433.0
2023-06-04T16,423.0
2023-06-04T17,430.0
2023-06-04T18,404.0
2023-06-04T19,356.0
2023-06-04T20,245.0
2023-06-04T21,253.0
2023-06-04T22,199.0
2023-06-04T23,111.0
2023-06-05T00,0.0
2023-06-05T01,0.0
2023-06-05T02,0.0
2023-06-05T03,0.0
2023-06-05T04,0.0
2023-06-05T05,0.0
2023-06-05T06,0.0
2023-06-05T07,0.0
2023-06-05T08,0.0
2023-06-05T09,0.0
2023-06-05T10,0.0
2023-06-05T11,0.0
2023-06-05T12,0.0
2023-06-05T13,0.0
2023-06-05T14,0.0
2023-06-05T15,0.0
2023-06-05T16,0.0
2023-06-05T17,0.0
2023-06-05T18,0.0
2023-06-05T19,0.0
2023-06-05T20,0.0
2023-06-05T21,0.0
2023-06-05T22,0.0
2023-06-05T23,0.0
2023-06-06T00,39.0
2023-06-06T01,19.0
2023-06-06T02,19.0
2023-06-06T03,9.0
2023-06-06T04,25.0
2023-06-06T05,83.0
2023-06-06T06,200.0
2023-06-06T07,941.0
2023-06-06T08,1758.0
2023-06-06T09,524.0
2023-06-06T10,381.0
2023-06-06T11,388.0
2023-06-06T12,586.0
2023-06-06T13,462.0
2023-06-06T14,402.0
2023-06-06T15,726.0
2023-06-06T16,1154.0
2023-06-06T17,1238.0
2023-06-06T18,860.0
2023-06-06T19,554.0
2023-06-06T20,355.0
2023-06-06T21,345.0
2023-06-06T22,310.0
2023-06-06T23,168.0
2023-06-07T00,44.0
2023-06-07T01,28.0
2023-06-07T02,10.0
2023-06-07T03,7.0
2023-06-07T04,26.0
2023-06-07T05,99.0
2023-06-07T06,191.0
2023-06-07T07,803.0
2023-06-07T08,1516.0
2023-06-07T09,533.0
2023-06-07T10,421.0
2023-06-07T11,504.0
2023-06-07T12,929.0
2023-06-07T13,599.0
2023-06-07T14,513.0
2023-06-07T15,487.0
2023-06-07T16,723.0
2023-06-07T17,977.0
2023-06-07T18,756.0
2023-06-07T19,515.0
2023-06-07T20,346.0
2023-06-07T21,305.0
2023-06-07T22,292.0
2023-06-07T23,174.0
2023-06-08T00,68.0
2023-06-08T01,31.0
2023-06-08T02,18.0
2023-06-08T03,14.0
2023-06-08T04,31.0
2023-06-08T05,77.0
2023-06-08T06,210.0
2023-06-08T07,882.0
2023-06-08T08,1624.0
2023-06-08T09,595.0
2023-06-08T10,411.0
2023-06-08T11,381.0
2023-06-08T12,700.0
2023-06-08T13,431.0
2023-06-08T14,452.0
2023-06-08T15,757.0
2023-06-08T16,1023.0
2023-06-08T17,1234.0
2023-06-08T18,892.0
2023-06-08T19,577.0
2023-06-08T20,393.0
2023-06-08T21,347.0
2023-06-08T22,332.0
2023-06-08T23,223.0
2023-06-09T00,113.0
2023-06-09T01,46.0
2023-06-09T02,17.0
2023-06-09T03,12.0
2023-06-09T04,24.0
2023-06-09T05,74.0
2023-06-09T06,183.0
2023-06-09T07,773.0
2023-06-09T08,1428.0
2023-06-09T09,515.0
2023-06-09T10,440.0
2023-06-09T11,496.0
2023-06-09T12,678.0
2023-06-09T13,525.0
2023-06-09T14,597.0
2023-06-09T15,835.0
2023-06-09T16,981.0
2023-06-09T17,982.0
2023-06-09T18,732.0
2023-06-09T19,519.0
2023-06-09T20,386.0
2023-06-09T21,299.0
2023-06-09T22,255.0
2023-06-09T23,250.0
2023-06-10T00,149.0
2023-06-10T01,105.0
2023-06-10T02,64.0
2023-06-10T03,46.0
2023-06-10T04,23.0
2023-06-10T05,35.0
2023-06-10T06,62.0
2023-06-10T07,112.0
2023-06-10T08,258.0
2023-06-10T09,323.0
2023-06-10T10,382.0
2023-06-10T11,370.0
2023-06-10T12,408.0
2023-06-10T13,380.0
2023-06-10T14,361.0
2023-06-10T15,431.0
2023-06-10T16,368.0
2023-06-10T17,388.0
2023-06-10T18,387.0
2023-06-10T19,358.0
2023-06-10T20,290.0
2023-06-10T21,213.0
2023-06-10T22,205.0
2023-06-10T23,201.0
2023-06-11T00,142.0
2023-06-11T01,82.0
2023-06-11T02,39.0
2023-06-11T03,27.0
2023-06-11T04,33.0
2023-06-11T05,37.0
2023-06-11T06,47.0
2023-06-11T07,80.0
2023-06-11T08,124.0
2023-06-11T09,271.0
2023-06-11T10,346.0
2023-06-11T11,357.0
2023-06-11T12,314.0
2023-06-11T13,277.0
2023-06-11T14,318.0
2023-06-11T15,293.0
2023-06-11T16,267.0
2023-06-11T17,352.0
2023-06-11T18,337.0
2023-06-11T19,285.0
2023-06-11T20,265.0
2023-06-11T21,279.0
2023-06-11T22,174.0
2023-06-11T23,100.0
2023-06-12T00,46.0
2023-06-12T01,25.0
2023-06-12T02,9.0
2023-06-12T03,4.0
2023-06-12T04,23.0
2023-06-12T05,85.0
2023-06-12T06,220.0
2023-06-12T07,890.0
2023-06-12T08,1661.0
2023-06-12T09,506.0
2023-06-12T10,399.0
2023-06-12T11,455.0
2023-06-12T12,677.0
2023-06-12T13,484.0
2023-06-12T14,485.0
2023-06-12T15,637.0
2023-06-12T16,900.0
2023-06-12T17,1087.0
2023-06-12T18,804.0
2023-06-12T19,494.0
2023-06-12T20,350.0
2023-06-12T21,350.0
2023-06-12T22,306.0
2023-06-12T23,137.0
2023-06-13T00,52.0
2023-06-13T01,35.0
2023-06-13T02,14.0
2023-06-13T03,17.0
2023-06-13T04,30.0
2023-06-13T05,95.0
2023-06-13T06,220.0
2023-06-13T07,941.0
2023-06-13T08,1651.0
2023-06-13T09,581.0
2023-06-13T10,446.0
2023-06-13T11,506.0
2023-06-13T12,628.0
2023-06-13T13,467.0
2023-06-13T14,422.0
2023-06-13T15,631.0
2023-06-13T16,904.0
2023-06-13T17,1209.0
2023-06-13T18,878.0
2023-06-13T19,555.0
2023-06-13T20,404.0
2023-06-13T21,366.0
2023-06-13T22,345.0
2023-06-13T23,182.0
2023-06-14T00,80.0
2023-06-14T01,27.0
2023-06-14T02,18.0
2023-06-14T03,15.0
2023-06-14T04,26.0
2023-06-14T05,94.0
2023-06-14T06,199.0
2023-06-14T07,841.0
2023-06-14T08,1454.0
2023-06-14T09,580.0
2023-06-14T10,501.0
2023-06-14T11,577.0
2023-06-14T12,814.0
2023-06-14T13,503.0
2023-06-14T14,451.0
2023-06-14T15,490.0
2023-06-14T16,698.0
2023-06-14T17,1017.0
2023-06-14T18,781.0
2023-06-14T19,544.0
2023-06-14T20,368.0
2023-06-14T21,366.0
2023-06-14T22,311.0
2023-06-14T23,222.0
2023-06-15T00,88.0
2023-06-15T01,21.0
2023-06-15T02,14.0
2023-06-15T03,14.0
2023-06-15T04,34.0
2023-06-15T05,81.0
2023-06-15T06,226.0
2023-06-15T07,911.0
2023-06-15T08,1577.0
2023-06-15T09,521.0
2023-06-15T10,505.0
2023-06-15T11,515.0
2023-06-15T12,684.0
2023-06-15T13,445.0
2023-06-15T14,469.0
2023-06-15T15,634.0
2023-06-15T16,934.0
2023-06-15T17,1137.0
2023-06-15T18,820.0
2023-06-15T19,594.0
2023-06-15T20,377.0
2023-06-15T21,340.0
2023-06-15T22,363.0
2023-06-15T23,231.0
2023-06-16T00,122.0
2023-06-16T01,51.0
2023-06-16T02,25.0
2023-06-16T03,27.0
2023-06-16T04,32.0
2023-06-16T05,79.0
2023-06-16T06,179.0
2023-06-16T07,758.0
2023-06-16T08,1418.0
2023-06-16T09,586.0
2023-06-16T10,516.0
2023-06-16T11,525.0
2023-06-16T12,662.0
2023-06-16T13,503.0
2023-06-16T14,554.0
2023-06-16T15,726.0
2023-06-16T16,878.0
2023-06-16T17,918.0
2023-06-16T18,749.0
2023-06-16T19,528.0
2023-06-16T20,384.0
2023-06-16T21,321.0
2023-06-16T22,340.0
2023-06-16T23,302.0
2023-06-17T00,188.0
2023-06-17T01,118.0
2023-06-17T02,78.0
2023-06-17T03,45.0
2023-06-17T04,33.0
2023-06-17T05,49.0
2023-06-17T06,61.0
2023-06-17T07,111.0
2023-06-17T08,217.0
2023-06-17T09,301.0
2023-06-17T10,332.0
2023-06-17T11,407.0
2023-06-17T12,404.0
2023-06-17T13,421.0
2023-06-17T14,446.0
2023-06-17T15,399.0
2023-06-17T16,413.0
2023-06-17T17,410.0
2023-06-17T18,354.0
2023-06-17T19,274.0
2023-06-17T20,241.0
2023-06-17T21,202.0
2023-06-17T22,207.0
2023-06-17T23,184.0
2023-06-18T00,126.0
2023-06-18T01,69.0
2023-06-18T02,59.0
2023-06-18T03,20.0
2023-06-18T04,22.0
2023-06-18T05,35.0
2023-06-18T06,39.0
2023-06-18T07,58.0
2023-06-18T08,83.0
2023-06-18T09,151.0
2023-06-18T10,212.0
2023-06-18T11,227.0
2023-06-18T12,269.0
2023-06-18T13,306.0
2023-06-18T14,317.0
2023-06-18T15,325.0
2023-06-18T16,337.0
2023-06-18T17,308.0
2023-06-18T18,350.0
2023-06-18T19,284.0
2023-06-18T20,256.0
2023-06-18T21,219.0
2023-06-18T22,130.0
2023-06-18T23,66.0
2023-06-19T00,41.0
2023-06-19T01,17.0
2023-06-19T02,8.0
2023-06-19T03,9.0
2023-06-19T04,46.0
2023-06-19T05,92.0
2023-06-19T06,203.0
2023-06-19T07,903.0
2023-06-19T08,1557.0
2023-06-19T09,488.0
2023-06-19T10,434.0
2023-06-19T11,549.0
2023-06-19T12,615.0
2023-06-19T13,416.0
2023-06-19T14,487.0
2023-06-19T15,582.0
2023-06-19T16,772.0
2023-06-19T17,1041.0
2023-06-19T18,737.0
2023-06-19T19,464.0
2023-06-19T20,339.0
2023-06-19T21,248.0
2023-06-19T22,279.0
2023-06-19T23,143.0
2023-06-20T00,56.0
2023-06-20T01,38.0
2023-06-20T02,15.0
2023-06-20T03,17.0
2023-06-20T04,45.0
2023-06-20T05,78.0
2023-06-20T06,214.0
2023-06-20T07,904.0
2023-06-20T08,1585.0
2023-06-20T09,521.0
2023-06-20T10,558.0
2023-06-20T11,507.0
2023-06-20T12,625.0
2023-06-20T13,468.0
2023-06-20T14,466.0
2023-06-20T15,613.0
2023-06-20T16,792.0
2023-06-20T17,884.0
2023-06-20T18,609.0
2023-06-20T19,395.0
2023-06-20T20,274.0
2023-06-20T21,225.0
2023-06-20T22,246.0
2023-06-20T23,150.0
2023-06-21T00,63.0
2023-06-21T01,33.0
2023-06-21T02,11.0
2023-06-21T03,11.0
2023-06-21T04,26.0
2023-06-21T05,71.0
2023-06-21T06,194.0
2023-06-21T07,804.0
2023-06-21T08,1370.0
2023-06-21T09,589.0
2023-06-21T10,553.0
2023-06-21T11,558.0
2023-06-21T12,723.0
2023-06-21T13,513.0
2023-06-21T14,498.0
2023-06-21T15,468.0
2023-06-21T16,722.0
2023-06-21T17,987.0
2023-06-21T18,772.0
2023-06-21T19,520.0
2023-06-21T20,380.0
2023-06-21T21,342.0
2023-06-21T22,309.0
2023-06-21T23,172.0
2023-06-22T00,112.0
2023-06-22T01,37.0
2023-06-22T02,25.0
2023-06-22T03,13.0
2023-06-22T04,47.0
2023-06-22T05,77.0
2023-06-22T06,208.0
2023-06-22T07,823.0
2023-06-22T08,1435.0
2023-06-22T09,541.0
2023-06-22T10,449.0
2023-06-22T11,504.0
2023-06-22T12,456.0
2023-06-22T13,373.0
2023-06-22T14,317.0
2023-06-22T15,464.0
2023-06-22T16,787.0
2023-06-22T17,964.0
2023-06-22T18,698.0
2023-06-22T19,502.0
2023-06-22T20,317.0
2023-06-22T21,282.0
2023-06-22T22,295.0
2023-06-22T23,176.0
2023-06-23T00,88.0
2023-06-23T01,41.0
2023-06-23T02,23.0
2023-06-23T03,29.0
2023-06-23T04,39.0
2023-06-23T05,92.0
2023-06-23T06,170.0
2023-06-23T07,681.0
2023-06-23T08,1157.0
2023-06-23T09,517.0
2023-06-23T10,448.0
2023-06-23T11,456.0
2023-06-23T12,598.0
2023-06-23T13,533.0
2023-06-23T14,547.0
2023-06-23T15,716.0
2023-06-23T16,846.0
2023-06-23T17,901.0
2023-06-23T18,669.0
2023-06-23T19,476.0
2023-06-23T20,327.0
2023-06-23T21,323.0
2023-06-23T22,253.0
2023-06-23T23,199.0
2023-06-24T00,147.0
2023-06-24T01,111.0
2023-06-24T02,58.0
2023-06-24T03,38.0
2023-06-24T04,26.0
2023-06-24T05,47.0
2023-06-24T06,54.0
2023-06-24T07,87.0
2023-06-24T08,226.0
2023-06-24T09,325.0
2023-06-24T10,397.0
2023-06-24T11,474.0
2023-06-24T12,520.0
2023-06-24T13,494.0
2023-06-24T14,501.0
2023-06-24T15,518.0
2023-06-24T16,499.0
2023-06-24T17,442.0
2023-06-24T18,430.0
2023-06-24T19,325.0
2023-06-24T20,254.0
2023-06-24T21,230.0
2023-06-24T22,208.0
2023-06-24T23,213.0
2023-06-25T00,118.0
2023-06-25T01,122.0
2023-06-25T02,65.0
2023-06-25T03,37.0
2023-06-25T04,21.0
2023-06-25T05,36.0
2023-06-25T06,41.0
2023-06-25T07,67.0
2023-06-25T08,117.0
2023-06-25T09,210.0
2023-06-25T10,319.0
2023-06-25T11,345.0
2023-06-25T12,339.0
2023-06-25T13,394.0
2023-06-25T14,330.0
2023-06-25T15,343.0
2023-06-25T16,336.0
2023-06-25T17,341.0
2023-06-25T18,338.0
2023-06-25T19,330.0
2023-06-25T20,302.0
2023-06-25T21,260.0
2023-06-25T22,242.0
2023-06-25T23,154.0
2023-06-26T00,66.0
2023-06-26T01,37.0
2023-06-26T02,15.0
2023-06-26T03,12.0
2023-06-26T04,33.0
2023-06-26T05,74.0
2023-06-26T06,215.0
2023-06-26T07,743.0
2023-06-26T08,1350.0
2023-06-26T09,507.0
2023-06-26T10,390.0
2023-06-26T11,402.0
2023-06-26T12,449.0
2023-06-26T13,484.0
2023-06-26T14,406.0
2023-06-26T15,550.0
2023-06-26T16,860.0
2023-06-26T17,1079.0
2023-06-26T18,764.0
2023-06-26T19,497.0
2023-06-26T20,336.0
2023-06-26T21,279.0
2023-06-26T22,284.0
2023-06-26T23,166.0
2023-06-27T00,83.0
2023-06-27T01,48.0
2023-06-27T02,44.0
2023-06-27T03,32.0
2023-06-27T04,38.0
2023-06-27T05,88.0
2023-06-27T06,225.0
2023-06-27T07,850.0
2023-06-27T08,1283.0
2023-06-27T09,551.0
2023-06-27T10,418.0
2023-06-27T11,426.0
2023-06-27T12,596.0
2023-06-27T13,497.0
2023-06-27T14,474.0
2023-06-27T15,574.0
2023-06-27T16,888.0
2023-06-27T17,1222.0
2023-06-27T18,854.0
2023-06-27T19,492.0
2023-06-27T20,360.0
2023-06-27T21,367.0
2023-06-27T22,335.0
2023-06-27T23,174.0
2023-06-28T00,109.0
2023-06-28T01,60.0
2023-06-28T02,46.0
2023-06-28T03,28.0
2023-06-28T04,49.0
2023-06-28T05,88.0
2023-06-28T06,187.0
2023-06-28T07,695.0
2023-06-28T08,1091.0
2023-06-28T09,492.0
2023-06-28T10,406.0
2023-06-28T11,425.0
2023-06-28T12,630.0
2023-06-28T13,445.0
2023-06-28T14,479.0
2023-06-28T15,489.0
2023-06-28T16,741.0
2023-06-28T17,1027.0
2023-06-28T18,705.0
2023-06-28T19,512.0
2023-06-28T20,399.0
2023-06-28T21,286.0
2023-06-28T22,302.0
2023-06-28T23,217.0
2023-06-29T00,100.0
2023-06-29T01,62.0
2023-06-29T02,42.0
2023-06-29T03,28.0
2023-06-29T04,49.0
2023-06-29T05,86.0
2023-06-29T06,185.0
2023-06-29T07,646.0
2023-06-29T08,1116.0
2023-06-29T09,553.0
2023-06-29T10,387.0
2023-06-29T11,417.0
2023-06-29T12,612.0
2023-06-29T13,443.0
2023-06-29T14,441.0
2023-06-29T15,592.0
2023-06-29T16,838.0
2023-06-29T17,1136.0
2023-06-29T18,783.0
2023-06-29T19,470.0
2023-06-29T20,344.0
2023-06-29T21,342.0
2023-06-29T22,332.0
2023-06-29T23,207.0
2023-06-30T00,139.0
2023-06-30T01,94.0
2023-06-30T02,69.0
2023-06-30T03,54.0
2023-06-30T04,68.0
2023-06-30T05,72.0
2023-06-30T06,152.0
2023-06-30T07,563.0
2023-06-30T08,1048.0
2023-06-30T09,539.0
2023-06-30T10,414.0
2023-06-30T11,444.0
2023-06-30T12,589.0
2023-06-30T13,494.0
2023-06-30T14,469.0
2023-06-30T15,541.0
2023-06-30T16,682.0
2023-06-30T17,827.0
2023-06-30T18,614.0
2023-06-30T19,465.0
2023-06-30T20,325.0
2023-06-30T21,260.0
2023-06-30T22,239.0
2023-06-30T23,208.0
